time,latitude,longitude,depth,mag,magType,nst,gap,dmin,rms,net,id,updated,place,type,horizontalError,depthError,magError,magNst,status,locationSource,magSource
2016-12-16T06:13:46.000Z,35.0163,-97.6389,6.203,2.4,ml,,46,,0.42,us,us2000818b,2017-03-16T02:31:23.040Z,"13km S of Blanchard, Oklahoma",earthquake,1.5,2.2,,,reviewed,tul,tul
2016-12-15T08:06:33.300Z,35.0199,-97.6421,5,2.6,ml,,52,,0.35,us,us200080z5,2017-03-09T02:14:31.040Z,"13km S of Blanchard, Oklahoma",earthquake,2,6.9,,,reviewed,tul,tul
2016-12-14T22:38:11.100Z,35.0203,-97.6429,3.899,2.5,ml,,61,,0.89,us,us200080uf,2017-03-09T02:14:31.040Z,"13km S of Blanchard, Oklahoma",earthquake,1.7,7.3,,,reviewed,tul,tul
2016-12-11T10:11:31.370Z,35.6274,-98.0988,5,2.4,mb_lg,,82,0.108,0.76,us,us20007zxw,2017-03-09T02:14:27.040Z,"15km SW of Okarche, Oklahoma",earthquake,1.6,2,0.161,10,reviewed,us,us
2016-12-01T05:16:27.700Z,35.0233,-97.8683,6.072,2.7,ml,,73,,0.29,us,us10007dz8,2017-02-23T00:11:55.040Z,"7km ESE of Chickasha, Oklahoma",earthquake,1.8,5.1,,,reviewed,tul,tul
2016-11-11T08:54:43.400Z,35.5734,-98.1395,6.362,3.4,ml,,67,,0.31,us,us100076u6,2017-02-09T03:02:18.040Z,"17km WNW of El Reno, Oklahoma",earthquake,2.1,7.1,,,reviewed,tul,tul
2016-11-11T04:46:31.400Z,35.5788,-98.1347,3.725,2.7,ml,,66,,0.66,us,us100076sw,2017-02-09T03:02:18.040Z,"17km WNW of El Reno, Oklahoma",earthquake,1.6,7.2,,,reviewed,tul,tul
2016-11-11T04:22:43.400Z,35.5757,-98.1345,3.704,2.9,ml,,66,,0.82,us,us100076sr,2017-02-09T03:02:18.040Z,"16km WNW of El Reno, Oklahoma",earthquake,1.9,7.6,,,reviewed,tul,tul
2016-11-02T00:20:59.900Z,35.5673,-98.1261,3.687,3.3,ml,,67,,0.39,us,us100073l5,2017-01-24T02:02:14.040Z,"15km WNW of El Reno, Oklahoma",earthquake,1.8,7.3,,,reviewed,tul,tul
2016-11-02T00:10:05.500Z,35.5692,-98.1286,4.705,3.1,ml,,67,,0.35,us,us100073l4,2017-01-24T02:02:14.040Z,"16km WNW of El Reno, Oklahoma",earthquake,1.5,6.4,,,reviewed,tul,tul
2016-10-27T03:20:26.100Z,35.0947,-97.746,2.896,2.8,ml,,79,,0.37,us,us1000729q,2017-01-20T00:31:08.040Z,"9km WSW of Blanchard, Oklahoma",earthquake,2,3.9,,,reviewed,tul,tul
2016-10-05T17:02:33.200Z,35.0257,-97.8578,5.492,2.2,ml,,140,,0.46,us,us10006wg4,2017-01-03T21:10:45.040Z,"7km ESE of Chickasha, Oklahoma",earthquake,1.3,4,,,reviewed,tul,tul
2016-09-22T12:37:00.020Z,32.8484,-96.9128,8.24,2.4,mb_lg,,74,0.051,0.31,us,us10006rrj,2016-12-12T23:01:36.040Z,"5km NE of Irving, Texas",earthquake,1.8,1.9,0.18,8,reviewed,us,us
2016-09-13T12:16:24.700Z,35.0015,-97.8779,4.564,2.9,ml,,88,,0.47,us,us10006p8w,2016-12-07T02:56:14.040Z,"7km SE of Chickasha, Oklahoma",earthquake,1.7,6.5,,,reviewed,tul,tul
2016-09-12T22:30:52.800Z,35.0243,-97.8758,4.424,2.4,ml,,99,,0.5,us,us10006p5i,2016-12-07T02:56:13.040Z,"6km ESE of Chickasha, Oklahoma",earthquake,0.9,4.6,,,reviewed,tul,tul
2016-09-11T16:24:10.800Z,35.0036,-97.8816,8.546,2.5,ml,,76,,0.33,us,us10006nva,2016-12-07T02:56:11.040Z,"7km SE of Chickasha, Oklahoma",earthquake,1.5,6.6,,,reviewed,tul,tul
2016-08-19T22:22:13.990Z,35.4677,-97.8472,5,2.7,mb_lg,,58,0.191,0.6,us,us10006fau,2016-11-19T04:58:31.040Z,"8km WSW of Yukon, Oklahoma",earthquake,1.3,2,0.154,11,reviewed,us,us
2016-08-08T21:57:11.300Z,35.4603,-97.9105,6.268,2.4,ml,,61,,0.31,us,us10006c67,2016-10-26T03:10:23.040Z,"8km SSE of El Reno, Oklahoma",earthquake,0.8,4,,,reviewed,tul,tul
2016-07-31T17:26:30.890Z,35.0752,-97.572,5.83,3.1,mb_lg,,59,0.229,0.67,us,us1000690r,2016-10-19T04:51:59.040Z,"10km SE of Blanchard, Oklahoma",earthquake,1.9,1.3,0.057,81,reviewed,us,us
2016-07-12T02:08:19.500Z,35.0597,-97.6095,4.105,2.8,ml,,58,,0.54,us,us100062t7,2016-09-08T01:50:28.040Z,"9km SSE of Blanchard, Oklahoma",earthquake,3.4,5.6,,,reviewed,tul,tul
2016-07-10T17:38:01.000Z,35.0556,-97.61,4.283,2.7,ml,,58,,0.59,us,us100062f1,2016-09-08T01:50:26.040Z,"10km SSE of Blanchard, Oklahoma",earthquake,1.9,7.3,,,reviewed,tul,tul
2016-07-10T06:59:12.200Z,35.0579,-97.6095,5,2.4,ml,,98,,0.62,us,us100062c5,2016-09-08T01:50:26.040Z,"9km SSE of Blanchard, Oklahoma",earthquake,1.9,7.7,,,reviewed,tul,tul
2016-07-08T19:06:18.400Z,35.059,-97.6064,5.875,3.4,ml,,58,,1,us,us1000620c,2016-09-08T01:50:23.040Z,"9km SSE of Blanchard, Oklahoma",earthquake,2.1,6.1,,,reviewed,tul,tul
2016-07-08T04:41:15.600Z,35.0651,-97.6032,6.093,2.5,ml,,58,,0.6,us,us100061tl,2016-09-08T01:50:22.040Z,"9km SSE of Blanchard, Oklahoma",earthquake,1.7,7.6,,,reviewed,tul,tul
2016-07-08T00:32:28.850Z,35.0748,-97.599,2.85,2.1,mb_lg,,58,0.243,0.54,us,us100061s5,2016-09-08T01:50:22.040Z,"8km SE of Blanchard, Oklahoma",earthquake,0.9,3.9,0.17,9,reviewed,us,us
2016-07-07T23:08:55.400Z,35.0559,-97.604,4.745,2.5,ml,,82,,0.87,us,us100061re,2016-09-02T21:36:42.040Z,"10km SSE of Blanchard, Oklahoma",earthquake,1.7,5.2,,,reviewed,tul,tul
2016-07-07T20:39:03.600Z,35.0813,-97.5968,3.335,2.8,ml,,87,,0.47,us,us100061qe,2016-09-02T21:36:42.040Z,"8km SE of Blanchard, Oklahoma",earthquake,1.5,5.2,,,reviewed,tul,tul
2016-07-07T17:56:45.400Z,35.0807,-97.5968,5,2.8,ml,,102,,0.32,us,us100061nm,2016-09-02T21:36:41.040Z,"8km SE of Blanchard, Oklahoma",earthquake,1.7,3.8,,,reviewed,tul,tul
2016-06-29T15:15:39.100Z,34.9892,-97.797,4.072,2.8,ml,,152,,0.48,us,us200067yy,2016-08-31T03:08:22.040Z,"12km ENE of Ninnekah, Oklahoma",earthquake,2.7,7.8,,,reviewed,tul,tul
2016-06-29T14:15:16.900Z,35.0083,-97.795,5.445,3,ml,,125,,0.18,us,us200067yi,2016-08-31T03:08:22.040Z,"13km ESE of Chickasha, Oklahoma",earthquake,1.1,4.2,,,reviewed,tul,tul
2016-05-20T00:15:45.400Z,35.072,-97.5464,3.157,2.5,ml,,111,,0.62,us,us10005inn,2016-08-03T22:33:38.040Z,"9km SW of Goldsby, Oklahoma",earthquake,1.3,6.1,,,reviewed,tul,tul
2016-05-14T12:12:08.400Z,35.0527,-97.565,7.073,2.8,ml,,113,,0.84,us,us10005he5,2016-07-22T19:39:06.040Z,"12km SE of Blanchard, Oklahoma",earthquake,1.9,5.6,,,reviewed,tul,tul
2016-05-14T03:39:27.500Z,35.0531,-97.5573,5,3.1,ml,,81,,0.57,us,us10005hci,2016-07-22T19:39:05.040Z,"12km SW of Goldsby, Oklahoma",earthquake,2.7,7.6,,,reviewed,tul,tul
2016-04-17T11:35:42.360Z,35.2986,-97.7826,6.6,2.5,mb_lg,,82,0.118,0.43,us,us20005j78,2016-06-27T23:01:59.040Z,"2km ENE of Tuttle, Oklahoma",earthquake,1.4,4,0.17,9,reviewed,us,us
2016-01-31T06:06:21.570Z,32.8157,-96.972,5,2.1,mb_lg,,143,0.055,0.46,us,us20004w7w,2016-09-07T13:23:44.811Z,"2km W of Irving, Texas",earthquake,2.7,1.9,0.361,2,reviewed,us,us
2016-01-28T22:23:08.180Z,34.4199,-96.8075,5,2.2,mb_lg,,111,0.526,0.62,us,us20004vd0,2016-04-08T23:06:19.040Z,"17km ESE of Sulphur, Oklahoma",earthquake,2,2,0.255,5,reviewed,us,us
2015-12-17T22:29:55.710Z,32.965,-97.3421,5,3,mb_lg,,59,0.153,0.55,us,us1000481d,2016-03-12T02:29:15.040Z,"1km SSE of Haslet, Texas",earthquake,1.9,1.9,0.068,57,reviewed,us,us
2015-12-17T04:24:08.840Z,32.8465,-96.9682,5,2.1,mb_lg,,95,0.024,0.29,us,us100047uq,2016-03-12T02:29:14.040Z,"4km NNW of Irving, Texas",earthquake,2.3,1.9,0.228,5,reviewed,us,us
2015-12-07T00:27:24.860Z,32.8186,-96.9185,5,2.8,mb_lg,,78,0.012,0.49,us,us100044is,2016-03-02T03:36:35.040Z,"2km E of Irving, Texas",earthquake,2.6,2,0.078,43,reviewed,us,us
2015-12-06T13:29:03.800Z,34.829,-97.8136,2.853,2.7,ml,,144,,0.48,us,us100044fl,2016-03-02T03:36:34.040Z,"14km ENE of Rush Springs, Oklahoma",earthquake,2.1,7.8,,,reviewed,tul,tul
2015-12-06T00:44:08.510Z,32.8752,-96.921,5.7,2.1,ml,,57,0.032,0.39,us,us100044ii,2016-03-02T03:36:33.040Z,"6km SSW of Farmers Branch, Texas",earthquake,1.2,1.8,0.128,8,reviewed,us,us
2015-12-05T01:14:18.900Z,34.8037,-97.8063,10.507,3.1,ml,,181,,0.74,us,us1000448c,2016-03-02T03:36:32.040Z,"13km E of Rush Springs, Oklahoma",earthquake,4.7,7.8,,,reviewed,tul,tul
2015-12-04T14:22:58.700Z,32.8648,-96.9196,5,2.1,ml,,66,0.023,0.44,us,us100044hu,2016-03-02T03:36:30.040Z,"6km NNE of Irving, Texas",earthquake,0.9,1.6,0.128,8,reviewed,us,us
2015-12-04T06:56:03.250Z,32.8655,-96.9028,5.66,2.6,mb_lg,,108,0.016,0.3,us,us1000438z,2017-08-25T12:09:59.579Z,"6km S of Farmers Branch, Texas",earthquake,1.5,2.2,0.18,8,reviewed,us,us
2015-12-03T21:35:59.000Z,32.8576,-96.9236,5,2.8,mb_lg,,44,0.022,0.6,us,us1000435f,2016-03-02T03:36:29.040Z,"5km NNE of Irving, Texas",earthquake,1.5,1.8,0.074,47,reviewed,us,us
2015-11-25T13:26:43.100Z,35.024,-97.6467,4.896,2.6,ml,,68,,0.26,us,us1000418r,2016-02-18T04:48:55.040Z,"12km S of Blanchard, Oklahoma",earthquake,1.2,7.1,,,reviewed,tul,tul
2015-11-25T06:25:18.230Z,35.0099,-97.6407,6.73,2.6,mb_lg,,67,0.315,0.67,us,us10004161,2016-02-18T04:48:54.040Z,"14km S of Blanchard, Oklahoma",earthquake,1.5,6.5,0.095,29,reviewed,us,us
2015-11-25T06:10:42.210Z,34.8274,-97.802,8.28,2.6,mb_lg,,78,0.227,0.94,us,us1000415x,2016-02-18T04:48:54.040Z,"15km ENE of Rush Springs, Oklahoma",earthquake,2.1,6.8,0.154,11,reviewed,us,us
2015-11-19T14:29:58.100Z,34.8413,-97.8102,5,2.5,ml,,102,,0.86,us,us10003zp9,2016-02-18T04:48:43.040Z,"14km ENE of Rush Springs, Oklahoma",earthquake,1.7,1.5,,,reviewed,tul,tul
2015-11-16T03:09:02.770Z,32.8702,-96.9488,5,2.4,mb_lg,,58,0.015,0.92,us,us10003ykk,2016-02-13T02:08:24.040Z,"6km N of Irving, Texas",earthquake,2.4,1.8,0.132,15,reviewed,us,us
2015-11-15T22:07:51.400Z,32.8476,-96.9288,8.72,2,ml,,49,0.017,0.24,us,us10003yvs,2016-02-13T02:08:23.040Z,"4km NNE of Irving, Texas",earthquake,1.6,2.8,0.128,8,reviewed,us,us
2015-11-06T06:25:59.500Z,35.6421,-98.0139,1.992,2.7,ml,,98,,0.68,us,us10003v4u,2016-02-05T03:16:32.040Z,"9km SSW of Okarche, Oklahoma",earthquake,0.9,8.1,,,reviewed,tul,tul
2015-11-03T02:37:41.390Z,32.8566,-96.9525,5,2.2,mb_lg,,73,0.036,0.5,us,us200041i8,2016-01-30T02:11:04.040Z,"4km N of Irving, Texas",earthquake,1.6,1.8,0.255,4,reviewed,us,us
2015-10-29T22:24:39.570Z,32.8325,-96.9209,5,2.5,mb_lg,,73,0.001,0.41,us,us200040lc,2016-01-30T02:10:55.040Z,"3km NE of Irving, Texas",earthquake,2.2,1.6,0.128,16,reviewed,us,us
2015-10-28T01:33:37.110Z,32.8608,-96.9495,5,2.2,mb_lg,,65,0.018,0.51,us,us20004020,2016-01-22T23:41:20.040Z,"5km N of Irving, Texas",earthquake,1.8,1.7,0.255,4,reviewed,us,us
2015-10-27T13:01:07.520Z,32.8725,-96.924,5,2.3,mb_lg,,57,0.031,0.39,us,us20003zz7,2016-01-22T23:41:19.040Z,"6km NNE of Irving, Texas",earthquake,1.7,1.5,0.193,7,reviewed,us,us
2015-10-19T23:12:03.180Z,32.8659,-96.9394,5,2.3,mb_lg,,58,0.024,0.44,us,us10003rn3,2016-01-15T20:51:19.040Z,"5km N of Irving, Texas",earthquake,0.9,1.8,0.295,3,reviewed,us,us
2015-10-19T22:39:47.980Z,32.8755,-96.9134,5,2.7,mb_lg,,57,0.029,0.61,us,us10003pt3,2016-01-15T20:51:18.040Z,"5km SSW of Farmers Branch, Texas",earthquake,2.6,1.8,0.124,17,reviewed,us,us
2015-10-18T00:17:37.060Z,32.8733,-96.9165,6.53,2.4,mb_lg,,45,0.028,0.34,us,us10003pfv,2016-01-15T20:51:00.040Z,"6km SSW of Farmers Branch, Texas",earthquake,2.4,4.8,0.12,18,reviewed,us,us
2015-10-08T16:04:54.900Z,35.6326,-98.0204,3.889,2.8,ml,,98,,0.78,us,us10003l4t,2016-01-11T21:07:16.040Z,"11km SSW of Okarche, Oklahoma",earthquake,1.6,6.5,,,reviewed,tul,tul
2015-10-04T05:57:09.220Z,32.8633,-96.9174,5,2.1,ml,,67,0.021,0.81,us,us10003ka4,2016-01-04T22:29:02.040Z,"6km NNE of Irving, Texas",earthquake,1.5,1.6,0.128,8,reviewed,us,us
2015-10-01T21:28:26.140Z,32.8119,-96.922,5,2.7,mb_lg,,79,0.019,0.58,us,us10003jlk,2016-09-07T13:21:42.469Z,"2km E of Irving, Texas",earthquake,1.4,1.8,0.12,18,reviewed,us,us
2015-09-22T10:18:43.020Z,32.8838,-96.9187,5,2.4,mb_lg,,49,0.013,0.4,us,us20003nhr,2015-12-21T23:16:31.040Z,"5km SSW of Farmers Branch, Texas",earthquake,1.1,1.7,0.154,11,reviewed,us,us
2015-09-20T23:25:08.930Z,32.8279,-96.9556,5,2.6,mb_lg,,65,0.029,0.92,us,us20003ma6,2015-12-21T23:16:28.040Z,"1km NNW of Irving, Texas",earthquake,2,1.3,0.079,42,reviewed,us,us
2015-09-16T21:55:24.080Z,32.8411,-96.9448,5,2.1,ml,,76,0.022,0.52,us,us20003k71,2015-12-12T00:42:57.040Z,"3km N of Irving, Texas",earthquake,2,1.2,0.128,8,reviewed,us,us
2015-09-14T21:04:59.040Z,32.8785,-96.901,5,2,ml,,86,0.029,0.59,us,us20003jgp,2015-12-12T00:42:52.040Z,"5km S of Farmers Branch, Texas",earthquake,5.9,1.5,0.128,8,reviewed,us,us
2015-09-12T12:16:16.840Z,32.8281,-96.933,5,2.2,mb_lg,,65,0.01,0.95,us,us20003j0n,2015-12-12T00:42:48.040Z,"2km NE of Irving, Texas",earthquake,1.7,1.8,0.132,15,reviewed,us,us
2015-09-12T09:34:20.660Z,32.8427,-96.9185,5,2.5,mb_lg,,59,0.011,0.56,us,us20003j78,2015-12-12T00:42:47.040Z,"4km NE of Irving, Texas",earthquake,2.6,1.8,0.081,40,reviewed,us,us
2015-08-31T08:15:37.160Z,32.8379,-96.9038,5,1.8,ml,,77,0.011,0.77,us,us20003f7u,2015-12-01T00:36:05.040Z,"4km ENE of Irving, Texas",earthquake,2.2,1.6,0.128,8,reviewed,us,us
2015-08-25T20:59:47.930Z,32.8552,-96.9412,5,2.2,mb_lg,,58,0.027,0.65,us,us100034w2,2015-11-24T02:09:35.040Z,"4km N of Irving, Texas",earthquake,2,1.5,0.147,12,reviewed,us,us
2015-08-25T20:18:31.760Z,32.8363,-96.9467,5,2.1,mb_lg,,77,0.022,0.47,us,us100034w9,2015-11-24T02:09:35.040Z,"2km N of Irving, Texas",earthquake,1.8,1.8,0.228,5,reviewed,us,us
2015-08-12T11:13:28.340Z,32.8465,-96.9122,9.78,2.7,mb_lg,,64,0.008,0.3,us,us100031dl,2017-08-25T12:22:20.299Z,"4km NE of Irving, Texas",earthquake,3.1,3,0.068,58,reviewed,us,us
2015-08-04T02:44:07.000Z,34.2937,-97.5414,8.42,2.8,mb_lg,,47,0.389,0.55,us,us10002xsg,2015-10-30T02:47:47.040Z,"8km NW of Healdton, Oklahoma",earthquake,2.2,6.7,0.063,65,reviewed,us,us
2015-08-03T05:09:35.490Z,34.3143,-97.5445,5,2.7,mb_lg,,44,0.372,1.09,us,us10002xe4,2015-10-30T02:47:45.040Z,"10km NNW of Healdton, Oklahoma",earthquake,1.1,2,0.072,50,reviewed,us,us
2015-08-02T23:45:53.900Z,34.2883,-97.6031,3.715,2.7,ml,,165,,0.61,us,us10002xda,2015-10-30T02:47:45.040Z,"12km WNW of Healdton, Oklahoma",earthquake,3.2,7.8,,,reviewed,tul,tul
2015-07-18T15:30:09.260Z,32.8484,-96.9172,10.69,2.6,mb_lg,,59,0.004,0.15,us,us20002ydz,2015-10-14T21:05:42.040Z,"4km NE of Irving, Texas",earthquake,1.8,1.6,0.095,29,reviewed,us,us
2015-07-17T10:47:54.200Z,34.4782,-97.7607,5,2.7,ml,,152,,1.05,us,us20002y5p,2016-01-29T07:23:26.422Z,"18km E of Duncan, Oklahoma",earthquake,1.4,2,,,reviewed,tul,tul
2015-07-16T00:17:49.460Z,32.8533,-96.9417,5,1.8,ml,,65,0.017,0.57,us,us20002xtm,2015-10-14T21:05:35.040Z,"4km N of Irving, Texas",earthquake,1.9,1.1,0.128,8,reviewed,us,us
2015-07-14T08:28:10.400Z,34.9921,-97.6915,3.108,2.5,ml,,169,,0.8,us,us20002xdz,2015-10-09T20:19:17.040Z,"16km S of Blanchard, Oklahoma",earthquake,1.3,7.7,,,reviewed,tul,tul
2015-07-14T08:22:15.000Z,34.9775,-97.6798,4.776,3.2,mwr,,155,,0.77,us,us20002xd1,2015-10-09T20:19:17.040Z,"17km S of Blanchard, Oklahoma",earthquake,1.9,5.8,0.06,27,reviewed,tul,us
2015-07-13T11:03:56.270Z,32.8351,-96.939,5,2.4,mb_lg,,65,0.015,0.89,us,us20002x3z,2015-10-09T20:19:15.040Z,"2km NNE of Irving, Texas",earthquake,2.1,1.7,0.088,34,reviewed,us,us
2015-06-28T05:40:35.630Z,32.8505,-97.0002,5,2.1,mb_lg,,75,0.034,0.52,us,us10002m8z,2015-09-02T22:37:22.040Z,"6km NW of Irving, Texas",earthquake,1.9,1.6,0.228,5,reviewed,us,us
2015-06-27T10:19:02.930Z,32.8723,-96.907,5,2.3,mb_lg,,60,0.024,0.82,us,us10002m8n,2015-09-02T22:37:21.040Z,"6km S of Farmers Branch, Texas",earthquake,1,1.5,0.117,19,reviewed,us,us
2015-06-13T13:34:47.480Z,32.8726,-96.9038,5,2.3,mb_lg,,78,0.024,0.93,us,us20002q4c,2015-08-20T00:43:56.040Z,"6km S of Farmers Branch, Texas",earthquake,1.6,1.4,0.142,13,reviewed,us,us
2015-06-12T11:38:36.200Z,35.0029,-97.6734,3.446,2.7,ml,,124,,0.54,us,us20002phe,2015-08-20T00:43:55.040Z,"15km S of Blanchard, Oklahoma",earthquake,2.3,7.6,,,reviewed,tul,tul
2015-05-18T18:14:29.920Z,32.8675,-96.9566,5,3.3,mb_lg,,65,0.009,0.73,us,us10002a93,2017-08-26T00:41:34.308Z,"5km N of Irving, Texas",earthquake,2,1.7,0.057,81,reviewed,us,us
2015-05-09T16:12:38.390Z,32.854,-96.8903,5,2.7,mb_lg,,64,0.067,0.68,us,us20002e30,2015-07-17T07:06:03.040Z,"7km NE of Irving, Texas",earthquake,1.9,2,0.079,43,reviewed,us,us
2015-05-04T13:57:59.870Z,32.8613,-96.8716,5,2.7,mb_lg,,76,0.026,0.78,us,us20002b6q,2015-08-12T21:44:33.770Z,"6km W of University Park, Texas",earthquake,1.5,1.7,0.088,34,reviewed,us,us
2015-05-04T08:49:27.750Z,32.8589,-96.852,5,2.1,mb_lg,,77,0.04,0.84,us,us20002beu,2015-07-09T22:00:09.040Z,"4km WNW of University Park, Texas",earthquake,1.9,1.9,0.255,4,reviewed,us,us
2015-05-03T16:12:04.480Z,32.8561,-96.891,5,2.5,mb_lg,,76,0.009,0.7,us,us20002b2p,2015-07-09T22:00:08.040Z,"7km NE of Irving, Texas",earthquake,1.6,1.7,0.124,17,reviewed,us,us
2015-05-03T15:11:16.150Z,32.8511,-96.9514,5,3.2,mb_lg,,64,0.024,0.56,us,us20002azv,2015-07-18T15:38:46.768Z,"4km N of Irving, Texas",earthquake,1.3,1.1,0.061,72,reviewed,us,us
2015-04-03T08:58:11.070Z,32.8826,-96.8772,5,2.2,mb_lg,,169,0.047,0.28,us,us10001u6k,2015-06-16T01:00:24.040Z,"5km SSE of Farmers Branch, Texas",earthquake,1.3,1.5,0.193,7,reviewed,us,us
2015-04-03T04:28:37.020Z,32.8678,-96.934,5.74,2.3,mb_lg,,59,0.021,0.49,us,us10001u66,2015-06-16T01:00:24.040Z,"6km NNE of Irving, Texas",earthquake,1.8,3.1,0.147,12,reviewed,us,us
2015-04-03T03:04:49.640Z,32.8614,-96.9087,5,2.5,mb_lg,,63,0.017,0.71,us,us10001thn,2015-06-16T01:00:24.040Z,"6km NE of Irving, Texas",earthquake,3.5,1.7,0.111,21,reviewed,us,us
2015-04-02T22:36:21.040Z,32.8588,-96.9356,7.67,3.3,mb_lg,,56,0.015,0.49,us,us10001tg3,2016-09-07T13:19:32.423Z,"5km NNE of Irving, Texas",earthquake,2.1,1.3,0.059,76,reviewed,us,us
2015-04-02T10:38:06.000Z,32.8543,-96.9392,5,2.7,mb_lg,,61,0.015,0.52,us,us10001t33,2015-06-16T01:00:23.040Z,"4km NNE of Irving, Texas",earthquake,1.7,1.8,0.073,49,reviewed,us,us
2015-03-14T07:31:16.290Z,32.8565,-96.9251,5,2.7,mb_lg,,43,0.008,0.63,us,us10001mc1,2015-06-04T00:46:19.040Z,"5km NNE of Irving, Texas",earthquake,1.8,1.7,0.109,22,reviewed,us,us
2015-03-13T18:32:31.200Z,35.3241,-97.958,9.345,2.6,ml,,131,,0.68,us,us10001n9m,2015-06-04T00:46:18.040Z,"1km NW of Minco, Oklahoma",earthquake,2.7,5.8,,,reviewed,tul,tul
2015-03-12T14:41:14.790Z,32.8839,-96.9075,5,2,ml,,90,0.022,0.37,us,us10001m04,2015-06-04T00:46:17.040Z,"4km SSW of Farmers Branch, Texas",earthquake,1.3,1.7,0.181,4,reviewed,us,us
2015-03-12T01:55:02.270Z,32.8775,-96.9129,8.17,2.4,mb_lg,,56,0.02,0.22,us,us10001ltl,2015-06-04T00:46:16.040Z,"5km SSW of Farmers Branch, Texas",earthquake,1.2,2.4,0.208,9,reviewed,us,us
2015-03-08T03:12:22.340Z,32.8364,-96.9026,5,2.2,mb_lg,,92,0.016,0.61,us,usc000twn2,2015-05-28T00:48:37.040Z,"4km ENE of Irving, Texas",earthquake,1.3,1.5,0.208,6,reviewed,us,us
2015-03-01T16:49:17.500Z,35.3327,-97.9656,4.899,2.6,ml,,130,,0.74,us,usc000tu7f,2015-05-19T00:29:26.040Z,"2km NW of Minco, Oklahoma",earthquake,3.1,7.9,,,reviewed,tul,tul
2015-03-01T12:28:06.500Z,35.331,-97.9672,3.894,2.8,ml,,157,,0.61,us,usc000tu6h,2015-05-19T00:29:24.040Z,"2km NW of Minco, Oklahoma",earthquake,2.1,7.7,,,reviewed,tul,tul
2015-02-27T12:18:21.710Z,32.8336,-96.9098,7.93,3.1,mb_lg,,47,0.009,0.55,us,usc000ttju,2015-05-19T00:28:56.040Z,"4km ENE of Irving, Texas",earthquake,3,5.5,0.071,52,reviewed,us,us
2015-01-23T15:16:01.500Z,32.8904,-96.8967,8.74,2.2,mb_lg,,66,0.03,0.43,us,usc000tiqy,2015-04-24T16:55:16.040Z,"4km S of Farmers Branch, Texas",earthquake,1.7,1.5,0.255,6,reviewed,us,us
2015-01-20T20:50:02.540Z,32.8526,-96.9265,8.32,2.5,mb_lg,,56,0.005,0.43,us,usc000ti0s,2015-04-20T16:05:38.040Z,"4km NNE of Irving, Texas",earthquake,2.5,2.9,0.124,21,reviewed,us,us
2015-01-20T20:43:17.470Z,32.8536,-96.9029,10.4,2.4,mb_lg,,76,0.027,0.16,us,usc000thmp,2015-04-20T16:05:37.040Z,"6km NE of Irving, Texas",earthquake,2.4,1.5,0.18,8,reviewed,us,us
2015-01-20T20:25:49.390Z,32.8221,-96.9055,9.04,3,mb_lg,,65,0.015,0.66,us,usc000thky,2015-04-20T16:05:37.040Z,"4km ENE of Irving, Texas",earthquake,4.5,6.7,0.062,69,reviewed,us,us
2015-01-20T19:37:04.150Z,32.8615,-96.9093,8.77,2.6,mb_lg,,63,0.031,0.44,us,usc000thki,2015-04-20T16:05:37.040Z,"6km NE of Irving, Texas",earthquake,2.9,2.8,0.111,24,reviewed,us,us
2015-01-20T14:04:03.170Z,32.8492,-96.9152,9.83,2.3,mb_lg,,64,0.006,0.17,us,usc000thgg,2015-04-20T16:05:37.040Z,"5km NE of Irving, Texas",earthquake,1.9,1.5,0.161,11,reviewed,us,us
2015-01-18T02:00:04.200Z,32.852,-96.9378,5,2.2,ml,,64,0.013,0.55,us,usc000tgvx,2015-04-20T16:05:33.040Z,"4km NNE of Irving, Texas",earthquake,1.9,1.9,0.097,16,reviewed,us,us
2015-01-14T19:02:34.140Z,32.8396,-96.8998,5,1.9,mb_lg,,92,0.056,0.5,us,usc000tfw5,2015-04-10T18:56:33.040Z,"5km ENE of Irving, Texas",earthquake,2.2,1.8,0.255,6,reviewed,us,us
2015-01-12T01:46:06.570Z,32.8175,-96.8769,5,2.4,mb_lg,,65,0.044,0.54,us,usc000ter3,2015-05-04T14:24:04.508Z,"6km E of Irving, Texas",earthquake,5,2,0.12,20,reviewed,us,us
2015-01-09T17:39:14.500Z,32.8418,-96.8936,5.03,2.4,mb_lg,,64,0.057,0.49,us,usc000te7j,2015-04-10T18:56:28.040Z,"6km ENE of Irving, Texas",earthquake,2.7,6.2,0.154,13,reviewed,us,us
2015-01-08T17:45:21.080Z,33.968,-97.299,8.3,2.5,mb_lg,,,,0.49,us,usc000te3s,2015-04-10T18:56:27.040Z,"17km WNW of Marietta, Oklahoma",earthquake,4.5,2.9,0.109,24,reviewed,tul,us
2015-01-08T13:24:31.750Z,32.8282,-96.9008,5,2.3,mb_lg,,96,0.066,0.34,us,usc000te2z,2015-04-10T18:56:27.040Z,"4km ENE of Irving, Texas",earthquake,2.7,2,0.51,2,reviewed,us,us
2015-01-08T10:08:24.730Z,32.8408,-96.9143,5,2.1,mb_lg,,96,0.05,0.52,us,usc000te2m,2015-04-10T18:56:27.040Z,"4km NE of Irving, Texas",earthquake,2.1,2,0.255,4,reviewed,us,us
2015-01-07T15:57:30.110Z,32.8464,-96.9171,7.24,2.7,mb_lg,,64,0.533,0.36,us,usc000tce9,2015-05-03T15:41:42.645Z,"4km NE of Irving, Texas",earthquake,2,8,0.124,20,reviewed,us,us
2015-01-07T14:34:02.760Z,32.8367,-96.9063,5,2.7,mb_lg,,64,0.572,1.19,us,usc000tcdk,2015-03-27T07:02:30.040Z,"4km ENE of Irving, Texas",earthquake,2.3,2,0.12,19,reviewed,us,us
2015-01-07T07:24:29.160Z,32.8473,-96.8896,4.27,2.3,mb_lg,,77,0.57,0.27,us,usc000tcy5,2015-03-27T07:02:26.040Z,"6km NE of Irving, Texas",earthquake,2.5,8,0.208,8,reviewed,us,us
2015-01-07T06:59:03.320Z,32.8417,-96.9131,5,3.1,mb_lg,,38,0.565,0.72,us,usc000tcc6,2015-03-27T07:02:26.040Z,"4km NE of Irving, Texas",earthquake,2.4,2,0.092,65,reviewed,us,us
2015-01-07T05:02:52.910Z,32.8512,-96.8844,5,1.6,ml,,97,0.569,0.16,us,usc000tcb8,2015-03-27T07:02:25.040Z,"7km NE of Irving, Texas",earthquake,2,2,0.148,6,reviewed,us,us
2015-01-07T04:05:14.350Z,32.8588,-96.9174,5,2.4,mb_lg,,76,0.548,0.56,us,usc000tcay,2015-03-27T07:02:24.040Z,"5km NNE of Irving, Texas",earthquake,1.6,2,0.255,5,reviewed,us,us
2015-01-07T03:54:17.460Z,32.8564,-96.8819,5,1.7,ml,,97,0.566,0.5,us,usc000tcax,2015-03-27T07:02:24.040Z,"7km NE of Irving, Texas",earthquake,1.9,2,0.148,6,reviewed,us,us
2015-01-07T02:12:16.390Z,32.8485,-96.9375,5,2.7,ml,,130,0.513,0.2,us,usc000tcai,2015-03-27T07:02:23.040Z,"3km NNE of Irving, Texas",earthquake,2.4,1.6,0.148,6,reviewed,us,us
2015-01-07T02:11:17.810Z,32.8085,-96.8962,8.24,2.9,mb_lg,,65,0.554,0.55,us,usc000tcag,2015-03-27T07:02:23.040Z,"4km E of Irving, Texas",earthquake,3.4,7.8,0.088,40,reviewed,us,us
2015-01-07T00:52:09.050Z,32.847,-96.8922,5,3.6,mb_lg,,36,0.551,0.52,us,usc000tca7,2015-05-19T17:27:29.897Z,"6km NE of Irving, Texas",earthquake,3.3,2,0.054,99,reviewed,us,us
2015-01-06T21:10:31.550Z,32.835,-96.9027,5.93,3.5,mb_lg,,38,0.547,0.19,us,usc000tc7z,2017-08-25T12:29:19.672Z,"4km ENE of Irving, Texas",earthquake,3.5,7.7,0.055,99,reviewed,us,us
2015-01-06T13:37:15.180Z,32.8487,-96.8883,5,2.3,mb_lg,,77,0.57,0.33,us,usc000tcbs,2015-03-27T07:02:16.040Z,"6km NE of Irving, Texas",earthquake,2.1,2,0.255,6,reviewed,us,us
2015-01-02T02:29:03.610Z,32.8438,-96.9034,2.25,2.4,mb_lg,,64,0.567,0.45,us,usc000tb7y,2015-03-27T07:01:08.040Z,"5km NE of Irving, Texas",earthquake,4,7,0.18,10,reviewed,us,us
2014-12-30T14:10:09.220Z,32.8372,-96.9132,3.09,2.7,mb_lg,,64,0.535,0.57,us,usc000tash,2015-03-17T02:38:09.040Z,"4km NE of Irving, Texas",earthquake,2.6,7.9,0.124,21,reviewed,us,us
2014-12-29T06:28:21.550Z,34.7446,-100.3593,5,2.6,mb_lg,,88,1.096,1.18,us,usc000tahx,2015-03-17T02:37:51.040Z,"16km E of Memphis, Texas",earthquake,4.5,2,0.255,5,reviewed,us,us
2014-12-23T04:50:17.210Z,35.4417,-97.9273,7.817,2.9,ml,,,,0.74,us,usc000t9c1,2017-07-14T19:52:21.992Z,"5km NNE of Union City, Oklahoma",earthquake,2.3,6.9,,,reviewed,tul,tul
2014-12-20T05:08:11.390Z,32.8304,-96.9188,3.18,2.4,mb_lg,,78,0.554,0.48,us,usc000t8n5,2015-03-06T02:59:05.040Z,"3km ENE of Irving, Texas",earthquake,2.5,7.9,0.361,4,reviewed,us,us
2014-12-19T16:38:30.010Z,32.8245,-96.9317,8.13,2.4,mb_lg,,78,0.545,1.26,us,usc000t8bj,2015-03-06T02:59:04.040Z,"1km NE of Irving, Texas",earthquake,3,6.9,0.193,9,reviewed,us,us
2014-12-17T22:19:00.790Z,32.8507,-96.9193,5,2.6,mb_lg,,76,0.548,0.41,us,usc000t7sp,2017-08-25T12:03:13.400Z,"4km NE of Irving, Texas",earthquake,2.8,2,0.147,14,reviewed,us,us
2014-12-15T12:00:59.380Z,32.8412,-96.9009,4.16,2.7,mb_lg,,64,0.566,0.52,us,usc000t6wa,2015-03-04T21:55:05.040Z,"5km NE of Irving, Texas",earthquake,1.8,7,0.117,21,reviewed,us,us
2014-12-12T03:25:38.030Z,32.8501,-96.8902,3.02,2.7,mb_lg,,64,0.568,0.63,us,usc000t5ux,2015-03-04T21:54:59.040Z,"6km NE of Irving, Texas",earthquake,2,7.1,0.111,27,reviewed,us,us
2014-12-10T04:44:48.610Z,32.8621,-96.9338,5,2,ml,,75,0.534,0.5,us,usc000t526,2015-03-04T21:54:54.040Z,"5km NNE of Irving, Texas",earthquake,1.4,2,0.148,6,reviewed,us,us
2014-12-07T20:57:22.500Z,34.1752,-96.7559,5,3,ml,,207,,1.43,us,usc000t4g8,2015-02-28T02:16:12.040Z,"9km N of Madill, Oklahoma",earthquake,3.5,2,,,reviewed,tul,tul
2014-12-02T15:36:21.880Z,32.836,-96.893,5,2.7,mb_lg,,,,1.23,us,usb000t26f,2015-02-24T00:35:16.040Z,"5km ENE of Irving, Texas",earthquake,3.4,7.3,0.161,11,reviewed,us,us
2014-11-25T22:39:22.980Z,32.8404,-96.8922,2.58,2.7,mb_lg,,64,0.552,0.88,us,usb000t02m,2015-02-18T03:31:00.040Z,"6km ENE of Irving, Texas",earthquake,2.4,7.9,0.12,21,reviewed,us,us
2014-11-25T05:47:54.460Z,32.8481,-96.9013,5,2.2,mb_lg,,96,0.564,0.55,us,usb000szsg,2015-02-18T03:30:58.040Z,"5km NE of Irving, Texas",earthquake,2.6,2,0.295,3,reviewed,us,us
2014-11-24T13:06:36.030Z,32.846,-96.8955,5,2.4,mb_lg,,77,0.569,0.15,us,usb000szjr,2015-02-18T03:30:57.040Z,"6km NE of Irving, Texas",earthquake,2.3,2,0.255,4,reviewed,us,us
2014-11-23T21:40:46.520Z,32.8449,-96.9343,8.01,2.5,mb_lg,,56,0.537,0.5,us,usb000szen,2015-02-18T03:30:56.040Z,"3km NNE of Irving, Texas",earthquake,2.3,7.3,0.161,14,reviewed,us,us
2014-11-23T03:15:47.770Z,32.8346,-96.8932,3.96,3.3,mb_lg,,34,0.552,0.46,us,usb000sz6q,2015-05-18T18:41:20.613Z,"5km ENE of Irving, Texas",earthquake,4.3,7.2,0.064,76,reviewed,us,us
2014-11-15T19:19:46.410Z,32.8481,-96.9576,5,2.6,mb_lg,,76,0.518,0.53,us,usc000sxzp,2015-02-12T01:42:49.040Z,"3km NNW of Irving, Texas",earthquake,1.9,2,0.17,11,reviewed,us,us
2014-11-10T09:04:05.600Z,32.8183,-96.8902,5,2.3,mb_lg,,79,0.58,1.1,us,usc000sw57,2015-01-31T02:50:15.040Z,"5km E of Irving, Texas",earthquake,1.6,2,0.228,7,reviewed,us,us
2014-11-08T21:08:30.500Z,34.5875,-97.5172,3.658,2.5,ml,,103,,0.54,us,usc000svqt,2015-01-31T02:50:11.040Z,"27km SSW of Maysville, Oklahoma",earthquake,3.7,7.9,,,reviewed,tul,tul
2014-11-07T16:00:29.600Z,34.0731,-97.4701,5,2.9,ml,,136,,0.5,us,usc000svfb,2017-07-14T20:54:09.393Z,"10km SSW of Wilson, Oklahoma",earthquake,3.5,6.7,,,reviewed,tul,tul
2014-11-07T14:44:34.100Z,34.0647,-97.4417,13.511,2.6,ml,,134,,1.1,us,usc000svfl,2015-01-31T02:50:08.040Z,"10km S of Wilson, Oklahoma",earthquake,3.1,2.2,,,reviewed,tul,tul
2014-11-04T21:24:53.000Z,34.52,-97.72,5,2.8,ml,,140,,0.87,us,usc000subt,2015-01-20T09:03:18.040Z,"15km SE of Bray, Oklahoma",earthquake,2.6,2,,,reviewed,tul,tul
2014-11-04T14:06:44.900Z,34.505,-97.7135,5,2.6,ml,,123,,0.56,us,usc000stwh,2015-01-20T09:03:17.040Z,"17km SSE of Bray, Oklahoma",earthquake,1.5,2,,,reviewed,tul,tul
2014-10-28T07:15:01.840Z,32.8431,-96.9058,5,2.4,mb_lg,,77,0.561,0.74,us,usb000sr8l,2015-01-30T22:27:11.531Z,"5km NE of Irving, Texas",earthquake,2.2,2,0.193,8,reviewed,us,us
2014-10-01T21:32:18.700Z,32.8499,-96.9824,6.56,2.1,mb_lg,,93,0.497,0.45,us,usb000sid5,2014-12-23T01:41:57.040Z,"5km NW of Irving, Texas",earthquake,2.4,7.1,0.295,5,reviewed,us,us
2014-09-24T13:35:43.000Z,34.4355,-97.6401,5,2.5,ml,,144,,0.45,us,usb000sfk8,2014-12-20T00:53:56.040Z,"26km NNW of Healdton, Oklahoma",earthquake,2.2,1.2,,,reviewed,tul,tul
2014-09-23T13:37:10.900Z,34.6213,-97.556,5,3,ml,,118,,0.42,us,usb000sf8f,2014-12-19T00:05:27.040Z,"24km S of Lindsay, Oklahoma",earthquake,3.5,1.6,,,reviewed,tul,tul
2014-09-22T19:28:34.700Z,34.6292,-97.5457,5,3.6,ml,,103,,1.01,us,usb000sf0t,2015-01-30T08:23:03.517Z,"23km SSE of Lindsay, Oklahoma",earthquake,4.3,2,,,reviewed,tul,tul
2014-09-12T23:03:46.430Z,32.7335,-97.1299,5,2.5,mb_lg,,69,0.43,0.68,us,usb000sc1x,2015-01-29T22:21:42.777Z,"2km W of Arlington, Texas",earthquake,3,2,0.18,10,reviewed,us,us
2014-09-11T08:21:58.780Z,32.8153,-96.9178,5,2.8,mb_lg,,65,0.535,0.93,us,usb000sbaw,2015-01-07T01:15:57.840Z,"2km E of Irving, Texas",earthquake,2.4,2,0.076,51,reviewed,us,us
2014-09-07T08:56:11.070Z,32.7397,-97.1132,4.12,2.4,mb_lg,,41,0.438,0.53,us,usb000sa4b,2015-01-29T00:36:42.368Z,"0km NW of Arlington, Texas",earthquake,1.7,7.1,0.1,31,reviewed,us,us
2014-09-02T20:55:15.200Z,35.5317,-98.0839,5,2.7,ml,,103,,0.84,us,usc000s94v,2014-11-29T00:09:25.000Z,"11km W of El Reno, Oklahoma",earthquake,1.7,2,,,reviewed,tul,tul
2014-08-13T04:11:25.500Z,35.0159,-97.8288,5,2.5,ml,,104,,0.47,us,usb000s3sp,2014-11-15T04:07:06.000Z,"10km ESE of Chickasha, Oklahoma",earthquake,,2,,,reviewed,tul,tul
2014-07-20T11:43:55.460Z,32.8386,-96.8669,3.23,2.2,mb_lg,,75,0.588,0.81,us,usb000rusj,2015-01-31T01:29:49.722Z,"6km WSW of University Park, Texas",earthquake,,7.3,0.136,17,reviewed,us,us
2014-07-09T04:25:13.800Z,34.0708,-97.4796,7.977,2.5,ml,,137,,0.4,us,usb000rr8e,2014-10-10T08:02:09.000Z,"11km SSW of Wilson, Oklahoma",earthquake,,1.3,,,reviewed,tul,tul
2014-07-09T00:14:35.200Z,34.0663,-97.4892,5,2.9,ml,,138,,1.13,us,usb000rr53,2014-10-10T08:02:09.000Z,"12km SSW of Wilson, Oklahoma",earthquake,,2,,,reviewed,tul,tul
2014-07-08T17:41:50.900Z,34.0652,-97.4709,5,2.9,ml,,136,,1.34,us,usc000rrs3,2014-10-04T20:00:01.000Z,"11km SSW of Wilson, Oklahoma",earthquake,,1.9,,,reviewed,tul,tul
2014-07-08T00:05:49.500Z,34.0746,-97.4959,4.212,2.8,ml,,138,,0.53,us,usc000rrn0,2014-10-04T20:00:00.000Z,"11km SSW of Wilson, Oklahoma",earthquake,,7.9,,,reviewed,tul,tul
2014-07-07T14:38:21.500Z,34.0713,-97.468,7.727,3.2,ml,,136,,0.58,us,usc000rr8a,2015-01-30T15:33:29.760Z,"10km SSW of Wilson, Oklahoma",earthquake,,7.8,,,reviewed,tul,tul
2014-07-07T13:59:52.050Z,34.087,-97.488,7.4,2.5,ml,,,,0.49,us,usb000rrne,2014-10-04T19:59:59.000Z,"10km SW of Wilson, Oklahoma",earthquake,,8.2,,,reviewed,tul,tul
2014-06-21T19:21:46.500Z,34.5517,-97.6934,5,2.9,ml,,135,,0.98,us,usc000rjpb,2015-01-30T23:04:44.927Z,"14km SE of Bray, Oklahoma",earthquake,,2,,,reviewed,tul,tul
2014-06-10T21:54:27.900Z,34.3919,-97.6347,5,2.6,ml,,137,,0.87,us,usc000rdqd,2014-08-30T17:02:58.000Z,"22km NW of Healdton, Oklahoma",earthquake,,2,,,reviewed,tul,tul
2014-05-25T10:58:55.200Z,34.0716,-97.4914,5,2.5,ml,,137,,0.43,us,usb000r3dg,2015-01-31T00:26:23.161Z,"11km SSW of Wilson, Oklahoma",earthquake,,2,,,reviewed,tul,tul
2014-05-24T05:33:13.900Z,35.1205,-97.8516,12.998,2.7,ml,,156,,1.1,us,usb000r2d0,2015-01-31T01:42:00.178Z,"10km NE of Chickasha, Oklahoma",earthquake,,7.7,,,reviewed,tul,tul
2014-04-29T17:06:40.400Z,34.4297,-97.6138,5,2.7,ml,,142,,0.9,us,usb000q42s,2014-07-14T20:11:23.000Z,"24km NNW of Healdton, Oklahoma",earthquake,,2,,,reviewed,tul,tul
2014-04-29T14:08:05.200Z,34.4259,-97.6097,5,2.5,ml,,123,,1.04,us,usb000q3sf,2014-07-14T20:11:23.000Z,"24km NNW of Healdton, Oklahoma",earthquake,,2,,,reviewed,tul,tul
2014-04-28T23:04:42.800Z,34.4288,-97.6129,5,2.6,ml,,142,,0.93,us,usb000q34h,2014-07-14T20:11:22.000Z,"24km NNW of Healdton, Oklahoma",earthquake,,0.9,,,reviewed,tul,tul
2014-04-28T17:45:54.600Z,34.4081,-97.6597,5,2.5,ml,,127,,0.93,us,usb000q2ks,2014-07-14T20:11:22.000Z,"25km NW of Healdton, Oklahoma",earthquake,,2,,,reviewed,tul,tul
2014-04-28T16:04:07.700Z,34.4296,-97.6437,5,2.5,ml,,125,,0.58,us,usb000q2ga,2015-01-30T12:24:54.505Z,"26km NNW of Healdton, Oklahoma",earthquake,,1.6,,,reviewed,tul,tul
2014-04-17T19:44:20.040Z,32.8634,-96.9079,5,2.4,mb_lg,,76,0.548,0.33,us,usb000ppuk,2016-09-03T17:21:33.332Z,"6km NE of Irving, Texas",earthquake,,2,0.154,13,reviewed,us,us
2014-03-13T08:07:24.990Z,35.049,-97.028,19.4,2.5,ml,,,,0.45,us,usc000na9d,2014-05-16T21:51:39.000Z,"24km SSW of Tecumseh, Oklahoma",earthquake,,4.5,,,reviewed,tul,tul
2014-02-02T07:32:51.140Z,32.6451,-97.4354,4.99,2.4,mb_lg,,97,0.232,0.62,us,usc000mflh,2015-01-30T08:22:25.900Z,"3km SE of Benbrook, Texas",earthquake,,2,0.193,10,reviewed,us,us
2014-01-28T17:54:44.300Z,32.9453,-97.5339,5,2.5,mb_lg,,113,0.016,0.59,us,usc000mcpa,2015-01-30T18:04:08.255Z,"3km NNW of Pelican Bay, Texas",earthquake,,1.8,0.255,5,reviewed,us,us
2014-01-28T09:52:29.850Z,35.578,-98.07,16.5,2.9,ml,,,,1.02,us,usb000m9jx,2015-01-30T03:01:14.677Z,"11km WNW of El Reno, Oklahoma",earthquake,,2,,,reviewed,tul,tul
2014-01-13T17:40:21.580Z,32.9391,-97.5529,5,3.1,mb_lg,,53,0.014,0.61,us,usc000m283,2015-01-29T17:39:05.943Z,"2km ESE of Reno, Texas",earthquake,,1.9,0.084,41,reviewed,us,us
2014-01-11T20:55:25.250Z,32.9125,-97.4787,6.24,2.2,mb_lg,,133,0.054,0.36,us,usc000m1fr,2015-01-30T14:49:01.115Z,"3km WNW of Eagle Mountain, Texas",earthquake,,2.6,0.255,5,reviewed,us,us
2013-12-25T20:55:49.000Z,34.953,-97.373,5,2.8,ml,,,,0.56,us,usc000lri7,2017-06-26T21:56:09.329Z,"6km S of Purcell, Oklahoma",earthquake,,6.5,,,reviewed,tul,tul
2013-12-23T13:11:34.040Z,32.9284,-97.5789,6.39,3.3,mb_lg,,42,0.013,0.44,us,usc000lqat,2015-01-28T20:16:49.771Z,"1km S of Reno, Texas",earthquake,,6.5,0.074,,reviewed,us,us
2013-12-22T17:31:54.990Z,32.9619,-97.5552,5,3.3,mb_lg,,38,0.028,0.58,us,usc000lq03,2015-01-29T02:11:26.609Z,"2km NE of Reno, Texas",earthquake,,1.9,0.068,,reviewed,us,us
2013-12-17T20:09:04.870Z,32.9543,-97.5546,5,2.1,mb_lg,,90,0.027,0.69,us,usc000lmng,2014-02-27T21:37:20.000Z,"2km ENE of Reno, Texas",earthquake,,1.7,0.361,,reviewed,us,us
2013-12-15T04:54:16.010Z,32.9379,-97.6196,5.05,2.9,mb_lg,,57,0.954,0.9,us,usc000lkxx,2015-01-29T18:16:33.649Z,"4km W of Reno, Texas",earthquake,,2,0.147,,reviewed,us,us
2013-12-14T03:32:29.490Z,33.7122,-96.8048,4.69,2.7,mb_lg,,117,1.229,0.51,us,usc000lkgp,2017-06-26T21:57:31.025Z,"11km ENE of Whitesboro, Texas",earthquake,,2,0.255,,reviewed,us,us
2013-12-13T05:43:04.430Z,33.7031,-96.6921,5,2.6,mb_lg,,106,1.302,1.1,us,usc000ljwu,2017-06-26T21:57:40.598Z,"6km SSW of Pottsboro, Texas",earthquake,,2,0.18,,reviewed,us,us
2013-12-11T17:42:21.810Z,33.6998,-96.7133,5,2.7,mb_lg,,143,1.292,0.33,us,usc000lit1,2014-02-21T23:00:51.000Z,"7km SSW of Pottsboro, Texas",earthquake,,2,0.193,,reviewed,us,us
2013-12-10T15:39:49.450Z,32.8951,-97.5437,5,2.7,mb_lg,,99,0.904,0.85,us,usc000lhsg,2015-01-30T02:23:30.869Z,"0km E of Azle, Texas",earthquake,,2,0.154,,reviewed,us,us
2013-12-09T09:23:14.340Z,32.9576,-98.0594,5,3.7,mb_lg,,35,1.09,0.85,us,usb000ldzh,2017-03-20T20:58:15.402Z,"17km NNE of Mineral Wells, Texas",earthquake,,2,0.065,,reviewed,us,us
2013-12-08T06:10:04.010Z,32.9144,-97.5817,4.99,3.6,mb_lg,,88,0.926,0.53,us,usb000ldmx,2015-01-28T12:16:17.485Z,"3km WNW of Azle, Texas",earthquake,,2,0.071,,reviewed,us,us
2013-12-03T15:44:32.210Z,32.9387,-97.5545,5,2.7,mb_lg,,98,0.948,0.63,us,usb000lac6,2015-01-29T23:16:46.085Z,"2km ESE of Reno, Texas",earthquake,,2,0.093,,reviewed,us,us
2013-11-29T06:14:09.070Z,32.9093,-97.5205,5,3.1,mb_lg,,39,0.917,1.29,us,usb000l7w7,2015-01-29T03:54:19.421Z,"1km S of Pelican Bay, Texas",earthquake,,2,0.092,,reviewed,us,us
2013-11-28T08:41:07.600Z,33.0291,-98.2141,4.99,2.8,mb_lg,,85,1.217,0.44,us,usb000l7m9,2014-02-12T01:08:35.000Z,"21km SSW of Jacksboro, Texas",earthquake,,2,0.128,,reviewed,us,us
2013-11-28T07:58:35.690Z,32.9735,-98.0894,5,3.7,mb,,35,1.116,1.33,us,usb000l7lw,2017-03-26T22:48:57.495Z,"18km N of Mineral Wells, Texas",earthquake,,1.9,0.355,,reviewed,us,us
2013-11-26T20:03:28.540Z,32.9594,-97.6176,2.27,2.8,mb_lg,,57,0.974,0.99,us,usb000l77a,2015-01-29T17:17:40.319Z,"4km WNW of Reno, Texas",earthquake,,5.8,0.124,,reviewed,us,us
2013-11-26T16:00:54.250Z,34.43,-97.609,5,2.5,ml,,,,1.02,us,usb000l6wt,2017-06-26T22:00:14.916Z,"24km NNW of Healdton, Oklahoma",earthquake,,2,,,reviewed,tul,tul
2013-11-26T14:24:03.850Z,32.908,-97.5587,5,2.7,ml,,112,0.918,0.52,us,usb000l6rp,2015-01-29T23:38:21.155Z,"1km NW of Azle, Texas",earthquake,,2,0.181,,reviewed,us,us
2013-11-26T01:55:21.460Z,32.9479,-97.5353,5,2.8,mb_lg,,61,0.956,0.59,us,usb000l76q,2015-01-29T17:56:45.994Z,"3km E of Reno, Texas",earthquake,,2,0.208,,reviewed,us,us
2013-11-25T07:43:02.950Z,32.9195,-97.6182,5,3.4,mb_lg,,43,0.935,0.63,us,usb000l63h,2015-01-28T20:23:07.558Z,"4km SW of Reno, Texas",earthquake,,2,0.128,,reviewed,us,us
2013-11-23T09:43:32.440Z,32.9152,-97.5983,5,2.9,mb_lg,,88,0.929,0.63,us,usb000l53l,2015-01-30T01:27:21.190Z,"3km SSW of Reno, Texas",earthquake,,2,0.088,,reviewed,us,us
2013-11-21T05:53:57.040Z,32.9232,-97.578,5,2.1,mb_lg,,111,0.934,0.46,us,usb000l44l,2014-02-11T02:18:53.000Z,"2km S of Reno, Texas",earthquake,,2,0.255,,reviewed,us,us
2013-11-20T00:40:34.950Z,32.9116,-97.5509,5,3.6,mb_lg,,30,0.921,0.71,us,usb000l2kc,2017-06-21T23:12:50.357Z,"1km NNW of Azle, Texas",earthquake,,2,0.064,,reviewed,us,us
2013-11-19T18:03:37.000Z,32.9086,-97.5903,5,2.8,mb_lg,,59,0.921,0.78,us,usb000l2d2,2015-01-29T22:32:38.788Z,"4km WNW of Azle, Texas",earthquake,,2,0.109,,reviewed,us,us
2013-11-19T17:57:18.940Z,32.9437,-97.5992,5,2.5,mb_lg,,105,0.957,0.71,us,usb000l2bu,2015-01-30T21:36:43.924Z,"2km W of Reno, Texas",earthquake,,2,0.132,,reviewed,us,us
2013-11-14T02:45:50.630Z,35.109,-97.821,5,2.4,ml,,,,0.41,us,usb000kyt2,2017-06-26T22:01:53.782Z,"12km ENE of Chickasha, Oklahoma",earthquake,,2,,,reviewed,tul,tul
2013-11-13T09:01:33.890Z,32.9574,-97.5029,5,2.6,mb_lg,,62,0.964,0.49,us,usb000kxr1,2015-01-30T23:43:03.380Z,"2km WSW of Pecan Acres, Texas",earthquake,,2,0.161,,reviewed,us,us
2013-11-11T08:30:54.280Z,32.9923,-97.5436,5,2.8,mb_lg,,41,1,0.8,us,usb000kvpm,2015-01-29T16:47:53.248Z,"0km SSW of Briar, Texas",earthquake,,2,0.096,,reviewed,us,us
2013-11-09T19:54:31.820Z,32.9197,-97.6665,5,3,mb_lg,,38,0.942,0.91,us,usb000kv9n,2015-01-29T21:35:47.231Z,"5km SSE of Springtown, Texas",earthquake,,2,0.081,,reviewed,us,us
2013-11-09T03:34:07.100Z,32.8873,-97.618,5,2.3,mb_lg,,58,0.903,1.18,us,usb000kv22,2015-01-31T02:32:33.856Z,"6km W of Azle, Texas",earthquake,,2,0.17,,reviewed,us,us
2013-11-08T04:32:56.870Z,32.9556,-97.6719,5,2.8,mb_lg,,38,0.978,0.56,us,usb000kug7,2016-09-07T07:11:45.121Z,"1km SE of Springtown, Texas",earthquake,,0.9,0.1,,reviewed,us,us
2013-11-06T17:05:47.700Z,32.8884,-97.6784,5,2.6,mb_lg,,105,0.914,0.83,us,usb000kttf,2014-01-17T00:29:10.000Z,"8km S of Springtown, Texas",earthquake,,2,0.154,,reviewed,us,us
2013-11-06T03:32:08.600Z,32.9194,-97.5175,5,2.6,mb_lg,,62,0.926,0.58,us,usb000ktb0,2015-01-29T03:04:29.071Z,"0km SSE of Pelican Bay, Texas",earthquake,,1.9,0.124,,reviewed,us,us
2013-11-01T21:57:23.680Z,32.8213,-97.2095,5,2.1,mb_lg,,125,0.853,0.72,us,usb000krei,2015-01-30T04:51:12.580Z,"1km ENE of Richland Hills, Texas",earthquake,,2,0.193,,reviewed,us,us
2013-10-12T03:25:23.590Z,34.086,-96.579,5,3,ml,,,,0.46,us,usb000kbi8,2013-12-24T01:42:59.000Z,"16km NE of Kingston, Oklahoma",earthquake,,2,,,reviewed,tul,tul
2013-09-23T13:56:25.540Z,33.946,-97.161,5,3.4,ml,,,,1.17,us,usb000jxyp,2017-06-26T22:08:11.292Z,"4km WNW of Marietta, Oklahoma",earthquake,,1.5,,,reviewed,tul,tul
2013-09-23T13:07:49.510Z,33.937,-97.163,15.2,2.9,ml,,,,0.78,us,usb000k25s,2013-12-09T21:11:14.000Z,"4km W of Marietta, Oklahoma",earthquake,,7.8,,,reviewed,tul,tul
2013-09-23T11:40:40.000Z,33.9544,-97.1107,8.933,3.2,ml,,,,1.15,us,usb000jxx3,2017-06-26T22:08:20.602Z,"2km NNE of Marietta, Oklahoma",earthquake,,0.8,,,reviewed,tul,tul
2013-09-22T14:55:56.940Z,33.984,-97.162,5,2.6,ml,,,,0.63,us,usb000k25p,2013-12-09T21:11:13.000Z,"6km NW of Marietta, Oklahoma",earthquake,,2,,,reviewed,tul,tul
2013-09-21T17:32:32.570Z,33.957,-97.136,6.6,2.8,ml,,,,1.04,us,usb000jx6p,2013-12-09T21:11:12.000Z,"2km NW of Marietta, Oklahoma",earthquake,,7.7,,,reviewed,tul,tul
2013-09-19T12:53:10.500Z,33.9645,-97.2127,5,2.7,ml,,,,0,us,usb000jw41,2013-12-09T21:11:08.000Z,"9km WNW of Marietta, Oklahoma",earthquake,,0,,,reviewed,tul,tul
2013-09-08T18:31:15.000Z,34.109,-96.883,5,2.9,ml,,,,1.36,us,usb000jlnk,2013-11-15T03:20:29.000Z,"8km W of Oakland, Oklahoma",earthquake,,7.2,,,reviewed,us_tul,us_tul
2013-07-28T01:04:48.000Z,35.115,-97.893,13,2.5,ml,25,100,,,us,usc000iqz3,2017-06-26T22:09:30.928Z,"7km NNE of Chickasha, Oklahoma",earthquake,,,,,reviewed,tul,tul
2013-06-30T02:55:58.000Z,34.097,-96.548,5,3,ml,28,100,,,us,usb000i3m9,2017-06-26T22:10:31.720Z,"9km E of Madill, Oklahoma",earthquake,,,,,reviewed,tul,tul
2013-06-27T08:31:17.000Z,35.13,-97.899,13.6,2.8,ml,42,100,,,us,usb000i17v,2017-06-26T22:10:40.993Z,"10km SW of Tuttle, Oklahoma",earthquake,,,,,reviewed,tul,tul
2013-06-26T23:23:03.020Z,34.978,-97.69,5.8,2.7,ml,9,100,,,us,usb000i103,2014-11-07T01:51:07.659Z,"17km S of Blanchard, Oklahoma",earthquake,,,,,reviewed,tul,tul
2013-05-31T11:16:34.700Z,34.136,-96.642,5,2.9,mblg,20,100,,,us,usb000haay,2017-06-26T22:12:46.766Z,"11km SSE of Tishomingo, Oklahoma",earthquake,,,,,reviewed,tul,us
2013-05-27T07:58:20.400Z,34.075,-96.59,6.7,3.2,ml,34,100,,,us,usb000h6ye,2017-07-14T19:34:11.672Z,"15km ENE of Kingston, Oklahoma",earthquake,,,,,reviewed,tul,tul
2013-05-26T02:34:35.060Z,35.444,-97.475,5,2.2,mblg,12,70.4,,0.94,us,usb000h6l4,2017-06-26T22:13:14.141Z,"6km WNW of Spencer, Oklahoma",earthquake,,,,,reviewed,us,us
2013-05-21T12:19:02.290Z,34.074,-96.573,5,2.9,ml,16,100,,,us,usp000k0vg,2014-11-07T01:50:52.692Z,Oklahoma,earthquake,,,,,reviewed,tul,tul
2013-04-28T03:06:42.200Z,34.135,-96.808,5,3.5,ml,75,38.5,,,us,usb000ggy2,2017-06-26T22:13:42.453Z,"13km ENE of Dickson, Oklahoma",earthquake,,,,,reviewed,tul,tul
2013-03-21T16:34:35.000Z,35.467,-97.396,5,3.2,ml,22,70.2,,,us,usb000fqrf,2017-07-14T19:39:12.546Z,"1km N of Midwest City, Oklahoma",earthquake,,,,,reviewed,tul,tul
2013-03-10T13:47:35.400Z,32.503,-97.499,4.3,2.7,mblg,20,62.3,,0.53,us,us2013mpar,2015-01-29T19:15:43.686Z,"6km NNE of Godley, Texas",earthquake,,11,,,reviewed,us,us
2013-03-04T10:22:54.160Z,34.191,-96.681,5,3.5,mblg,55,39.5,,0.87,us,usc000ffsp,2017-07-14T19:41:18.427Z,"6km SSE of Tishomingo, Oklahoma",earthquake,,,,,reviewed,us,us
2013-02-02T03:44:33.950Z,34.904,-97.427,5,2.7,ml,24,68.6,,,us,usc000ezyg,2017-07-14T19:42:32.385Z,"9km NNW of Maysville, Oklahoma",earthquake,,,,,reviewed,tul,tul
2013-02-01T19:26:30.000Z,34.869,-97.399,8.6,2.1,ml,11,91.6,,,us,usp000jyy3,2014-11-07T01:49:58.575Z,Oklahoma,earthquake,,,,,reviewed,tul,tul
2013-01-23T04:16:18.860Z,32.894,-97.004,5,3,mblg,12,74.3,,0.74,us,usp000jyr7,2015-03-24T18:24:43.585Z,northern Texas,earthquake,,,,,reviewed,us,us
2013-01-01T11:38:13.530Z,34.175,-97.524,5,2.6,ml,21,59.3,,,us,usp000jxq4,2017-07-14T19:44:22.100Z,Oklahoma,earthquake,,,,,reviewed,tul,tul
2012-12-13T02:10:22.870Z,32.645,-97.32,5,2.6,mblg,12,76.3,,0.68,us,usp000jwwh,2015-03-24T01:34:45.764Z,northern Texas,earthquake,,,,,reviewed,us,us
2012-11-20T04:50:34.290Z,32.622,-97.157,5,2.3,mblg,11,79.9,,1.02,us,usp000jvv8,2015-03-24T01:34:13.163Z,northern Texas,earthquake,,,,,reviewed,us,us
2012-10-01T03:41:09.970Z,32.841,-96.93,5,2.3,mblg,11,91.4,,1.13,us,usp000jtaw,2015-03-24T01:54:38.326Z,northern Texas,earthquake,,,,,reviewed,us,us
2012-09-30T04:09:02.720Z,32.815,-96.962,5,3.1,mblg,29,55,,0.72,us,usp000jt9b,2015-03-24T01:43:53.500Z,northern Texas,earthquake,,2,,,reviewed,us,us
2012-09-30T04:05:00.930Z,32.842,-96.976,5,3.4,mblg,29,55,,0.68,us,usp000jt9a,2015-03-24T01:33:01.435Z,northern Texas,earthquake,,2,,,reviewed,us,us
2012-08-24T18:52:29.000Z,35.422,-97.314,5,2.6,ml,17,98.9,,,us,usp000jqpa,2017-06-26T21:47:22.376Z,Oklahoma,earthquake,,,,,reviewed,tul,tul
2012-07-13T12:27:50.410Z,32.499,-97.323,5,2.7,mblg,13,84.1,,0.78,us,usp000jnz1,2015-03-24T01:31:17.627Z,northern Texas,earthquake,,,,,reviewed,us,us
2012-07-10T16:46:52.490Z,32.445,-97.291,5,2.8,mblg,16,82.2,,0.5,us,usp000jnun,2015-03-24T01:56:28.705Z,northern Texas,earthquake,,,,,reviewed,us,us
2012-07-10T02:22:44.160Z,32.476,-97.266,5,2.4,mblg,9,82.2,,1.18,us,usp000jntr,2015-03-24T01:58:43.485Z,northern Texas,earthquake,,,,,reviewed,us,us
2012-06-25T05:59:09.520Z,32.443,-97.272,5,2.3,mblg,16,82.9,,0.65,us,usp000jn77,2015-03-24T01:30:43.606Z,northern Texas,earthquake,,,,,reviewed,us,us
2012-06-24T17:46:44.450Z,32.474,-97.289,5,3.5,mblg,61,46.3,,1.04,us,usp000jn6m,2015-03-24T01:39:40.018Z,northern Texas,earthquake,,,,,reviewed,us,us
2012-06-15T07:02:33.170Z,32.462,-97.273,5,3.3,mblg,32,46.6,,0.79,us,usp000jmst,2015-03-24T01:41:22.337Z,northern Texas,earthquake,,,,,reviewed,us,us
2012-06-14T20:24:28.000Z,35.407,-97.434,1.9,3.1,ml,31,49.7,,,us,usp000jms4,2017-06-26T21:49:11.834Z,"Oklahoma City urban area, Oklahoma",earthquake,,,,,reviewed,tul,tul
2012-05-11T07:52:08.000Z,34.983,-97.638,5,2.8,ml,34,46.3,,,us,usp000jka1,2017-06-26T21:49:51.252Z,Oklahoma,earthquake,,,,,reviewed,tul,tul
2012-05-07T23:11:12.000Z,35.077,-97.496,5,2.6,ml,12,166,,,us,usp000jk56,2014-11-07T01:47:45.770Z,Oklahoma,earthquake,,,,,reviewed,tul,tul
2012-05-07T23:05:28.000Z,34.984,-97.657,5,2.5,ml,8,162.8,,,us,usp000jk55,2014-11-07T01:47:45.768Z,Oklahoma,earthquake,,,,,reviewed,tul,tul
2012-04-03T21:19:59.000Z,34.589,-97.44,5,2.5,ml,7,127.1,,,us,usp000jh76,2014-11-07T01:47:25.804Z,Oklahoma,earthquake,,,,,reviewed,tul,tul
2012-01-18T22:30:54.960Z,32.372,-97.487,5,3.3,mblg,29,51,,0.79,us,usp000jdnu,2015-03-24T01:24:53.795Z,northern Texas,earthquake,,,,,reviewed,us,us
2011-09-23T04:21:22.360Z,32.648,-97.135,5,2.4,mblg,12,90.4,,1.25,us,usp000j8ek,2015-03-24T01:47:48.847Z,northern Texas,earthquake,,,,,reviewed,us,us
2011-09-06T08:59:30.000Z,34.575,-97.244,0,2.6,ml,7,94.5,,,us,usp000j7pp,2014-11-07T01:45:50.793Z,Oklahoma,earthquake,,,,,reviewed,tul,tul
2011-08-18T16:50:52.000Z,34.881,-97.744,5,3,ml,24,80.8,,,us,usp000j6n5,2017-06-26T21:41:35.257Z,Oklahoma,earthquake,,,,,reviewed,tul,tul
2011-08-07T07:34:47.000Z,35.436,-97.449,5,2.5,ml,12,75.6,,,us,usp000j64f,2017-06-26T21:41:56.711Z,"Oklahoma City urban area, Oklahoma",earthquake,,,,,reviewed,tul,tul
2011-08-07T04:45:31.350Z,32.832,-97.037,5,2.6,mblg,18,56.5,,0.63,us,usp000j646,2015-03-24T01:40:07.802Z,northern Texas,earthquake,,,,,reviewed,us,us
2011-08-01T04:33:26.360Z,32.913,-96.929,5,2.2,mblg,5,147.1,,1.4,us,usp000j5tt,2014-11-07T01:45:30.843Z,northern Texas,earthquake,,,,,reviewed,us,us
2011-05-28T07:32:51.000Z,34.517,-96.496,3.2,2.9,md,25,92.5,,,us,usp000j2bc,2014-11-07T01:44:55.765Z,Oklahoma,earthquake,,,,,reviewed,tul,tul
2011-04-26T13:06:00.000Z,34.692,-97.44,5,2.5,mblg,8,92.5,,,us,usp000j0mr,2017-06-26T21:42:38.711Z,Oklahoma,earthquake,,,,,reviewed,tul,tul
2011-03-23T19:55:33.000Z,34.666,-97.446,5,2.5,mblg,6,183,,,us,usp000hye2,2014-11-07T01:44:18.823Z,Oklahoma,earthquake,,,,,reviewed,tul,us
2011-03-17T01:27:24.000Z,34.854,-97.746,5,2.7,md,9,85,,,us,usp000hxkw,2014-11-07T01:44:11.900Z,Oklahoma,earthquake,,,,,reviewed,tul,tul
2011-01-25T08:48:48.000Z,34.713,-97.466,4,2.6,md,5,223.3,,,us,usp000htmx,2014-11-07T01:43:29.656Z,Oklahoma,earthquake,,,,,reviewed,tul,tul
2011-01-18T03:40:06.000Z,34.566,-97.43,0,2.8,md,13,91.2,,,us,usp000ht9x,2014-11-07T01:43:27.328Z,Oklahoma,earthquake,,,,,reviewed,tul,tul
2011-01-18T00:14:22.000Z,34.56,-97.433,0,2.6,md,6,179.9,,,us,usp000ht9p,2014-11-07T01:43:27.283Z,Oklahoma,earthquake,,,,,reviewed,tul,tul
2011-01-10T05:35:50.000Z,34.785,-96.671,5,2.7,md,7,135.3,,,us,usp000hsv5,2014-11-07T01:43:24.953Z,Oklahoma,earthquake,,,,,reviewed,tul,tul
2011-01-03T07:35:09.000Z,34.693,-97.408,5,2.6,md,5,225.8,,,us,usp000hsgv,2014-11-07T01:43:20.773Z,Oklahoma,earthquake,,,,,reviewed,tul,tul
2010-12-29T04:47:20.000Z,34.676,-97.44,5,2.6,md,8,89,,,us,usp000hs7w,2014-11-07T01:43:16.235Z,Oklahoma,earthquake,,,,,reviewed,tul,tul
2010-11-30T12:05:31.000Z,34.688,-97.4,5,2.5,md,6,181.4,,,us,usp000hqbg,2014-11-07T01:42:59.304Z,Oklahoma,earthquake,,,,,reviewed,tul,tul
2010-11-16T00:46:07.000Z,34.719,-97.396,5,2.7,md,11,114.3,,,us,usp000hpqj,2014-11-07T01:42:55.677Z,Oklahoma,earthquake,,,,,reviewed,tul,tul
2010-10-25T20:53:13.000Z,34.874,-97.741,5,3.2,mblg,17,60.7,,,us,usp000hnk2,2017-06-26T21:16:06.343Z,Oklahoma,earthquake,,,,,reviewed,tul,tul
2010-10-19T17:53:17.000Z,35.136,-97.333,5,2.8,md,40,82.2,,,us,usp000hn9y,2017-06-26T21:16:18.627Z,Oklahoma,earthquake,,,,,reviewed,tul,tul
2010-10-13T14:06:30.000Z,35.192,-97.32,13,4.4,mwc,152,26.9,,,us,usp000hn24,2017-06-26T21:16:45.058Z,Oklahoma,earthquake,,,,,reviewed,tul,gcmt
2010-09-25T12:19:26.000Z,34.109,-96.715,5,3.3,mblg,19,63.4,,,us,usp000hm5r,2017-06-26T21:17:05.568Z,Oklahoma,earthquake,,,,,reviewed,tul,tul
2010-08-08T08:41:59.000Z,34.918,-97.456,5,2.8,md,19,59.7,,,us,usp000hhrg,2017-06-26T21:18:15.134Z,Oklahoma,earthquake,,,,,reviewed,tul,tul
2010-07-01T01:46:01.000Z,34.251,-97.452,2.9,2.5,md,19,96.4,,,us,usp000hers,2014-11-07T01:41:47.983Z,Oklahoma,earthquake,,,,,reviewed,tul,tul
2010-07-01T01:41:32.000Z,34.258,-97.44,5,2.6,md,19,96.6,,,us,usp000herr,2017-06-26T21:19:21.588Z,Oklahoma,earthquake,,,,,reviewed,tul,tul
2010-06-30T23:34:51.000Z,34.266,-97.476,3.8,2.7,md,10,95.6,,,us,usp000herh,2014-11-07T01:41:46.034Z,Oklahoma,earthquake,,,,,reviewed,tul,tul
2010-06-19T02:14:32.000Z,35.015,-97.417,5,2.7,md,7,83.3,,,us,usp000he8u,2014-11-07T01:41:43.017Z,Oklahoma,earthquake,,,,,reviewed,tul,tul
2010-06-14T21:33:56.500Z,34.865,-97.676,5,3.1,md,33,47.8,,,us,usp000hdzj,2017-06-26T21:19:43.493Z,Oklahoma,earthquake,,,,,reviewed,tul,tul
2010-04-15T21:45:26.000Z,34.309,-97.373,5,2.5,md,9,124.3,,,us,usp000hbfa,2014-11-07T01:41:16.563Z,Oklahoma,earthquake,,,,,reviewed,tul,tul
2010-03-13T09:02:44.410Z,35.387,-98.113,5,3.1,mblg,20,45.1,,0.76,us,usp000h9a8,2017-06-26T21:23:05.799Z,Oklahoma,earthquake,,,,,reviewed,us,us
2010-03-11T23:57:29.510Z,35.475,-98.123,6.4,3.4,mblg,33,36,,1.24,us,usp000h96e,2017-06-26T21:23:16.839Z,Oklahoma,earthquake,,8.4,,,reviewed,us,us
2010-03-11T13:15:17.400Z,35.388,-98.078,3.2,2.9,md,9,121.3,,,us,usp000h94q,2014-11-07T01:40:58.463Z,Oklahoma,earthquake,,,,,reviewed,tul,tul
2010-03-11T10:54:25.000Z,35.401,-98.06,5,3,md,9,121.1,,,us,usp000h94c,2014-11-07T01:40:58.416Z,Oklahoma,earthquake,,,,,reviewed,tul,tul
2010-03-11T10:06:10.000Z,35.384,-98.06,2.5,2.7,md,6,120.4,,,us,usp000h94a,2014-11-07T01:40:58.394Z,Oklahoma,earthquake,,,,,reviewed,tul,tul
2010-03-11T10:00:56.000Z,35.4,-98.1,5,2.7,md,6,122.7,,,us,usp000h949,2014-11-07T01:40:58.392Z,Oklahoma,earthquake,,,,,reviewed,tul,tul
2010-03-11T09:45:19.000Z,35.398,-98.07,2.3,2.8,md,7,115.9,,,us,usp000h948,2014-11-07T01:40:58.391Z,Oklahoma,earthquake,,,,,reviewed,tul,tul
2010-03-11T08:11:01.900Z,35.378,-98.046,5,3,md,12,83.7,,,us,usp000h947,2014-11-07T01:40:58.389Z,Oklahoma,earthquake,,,,,reviewed,tul,tul
2009-11-17T04:00:17.770Z,34.462,-97.532,5,3.1,mblg,18,74.4,,1.26,us,usp000h44d,2017-06-26T21:09:38.168Z,Oklahoma,earthquake,,,,,reviewed,us,us
2009-08-14T20:08:58.490Z,35.467,-97.412,5,2.3,mblg,9,137.9,,0.91,us,usp000h0ch,2017-06-26T21:11:28.893Z,"Oklahoma City urban area, Oklahoma",earthquake,,,,,reviewed,us,us
2009-07-17T17:40:15.840Z,34.992,-97.351,5,2.2,mblg,8,113.8,,1.38,us,usp000gzcz,2014-11-07T01:39:20.217Z,Oklahoma,earthquake,,,,,reviewed,us,us
2009-05-16T18:02:23.000Z,32.795,-97.016,5,2.6,mblg,5,108.5,,,us,usp000gx6r,2014-11-07T01:38:57.656Z,northern Texas,earthquake,,,,,reviewed,spec,us
2009-05-16T17:53:09.360Z,32.77,-97.117,5,2.7,mblg,7,110.6,,1.43,us,usp000gx6q,2015-03-24T01:00:08.392Z,northern Texas,earthquake,,,,,reviewed,us,us
2009-05-16T16:58:37.690Z,32.85,-97.095,5,3,mblg,6,100.7,,1.18,us,usp000gx6p,2014-11-07T01:38:57.653Z,northern Texas,earthquake,,,,,reviewed,us,us
2009-05-16T16:24:06.570Z,32.795,-97.016,8.7,3.3,mblg,19,66.5,,0.84,us,usp000gx6m,2015-03-24T01:38:04.097Z,northern Texas,earthquake,,10.5,,,reviewed,us,us
2009-03-17T19:57:16.480Z,35.446,-97.456,5,2.4,mblg,4,193.3,,,us,usp000gv3a,2017-06-26T21:12:37.670Z,"Oklahoma City urban area, Oklahoma",earthquake,,,,,reviewed,spec,us
2009-03-17T17:41:37.000Z,35.446,-97.456,5,2.5,mblg,6,168.6,,,us,usp000gv37,2017-06-26T21:12:48.639Z,"Oklahoma City urban area, Oklahoma",earthquake,,,,,reviewed,spec,us
2009-03-17T17:24:52.000Z,35.446,-97.456,5,2.7,mblg,7,132.7,,,us,usp000gv36,2017-06-26T21:13:00.370Z,"Oklahoma City urban area, Oklahoma",earthquake,,,,,reviewed,spec,us
2009-03-08T13:06:39.940Z,35.446,-97.456,5,3.4,mblg,18,97.7,,0.59,us,usp000gurq,2017-06-26T21:13:12.217Z,"Oklahoma City urban area, Oklahoma",earthquake,,,,,reviewed,us,us
2009-01-28T11:19:09.470Z,35.163,-97.871,5,3.4,mblg,15,79.3,,1.14,us,usp000gt6w,2017-06-26T21:14:09.757Z,Oklahoma,earthquake,,,,,reviewed,us,us
2008-11-01T11:54:30.190Z,32.874,-96.968,5,2.7,mblg,4,167.6,,0.61,us,usp000gmky,2015-03-24T01:53:20.340Z,northern Texas,earthquake,,,,,reviewed,us,us
2008-11-01T11:53:46.650Z,32.766,-97.035,5,2.5,mblg,4,169.3,,1.02,us,usp000gmkx,2014-11-07T01:37:38.070Z,northern Texas,earthquake,,,,,reviewed,us,us
2008-10-31T21:01:01.770Z,32.788,-97.028,5,2.9,mblg,5,132.4,,0.8,us,usp000gmj1,2015-03-24T02:02:04.824Z,northern Texas,earthquake,,,,,reviewed,us,us
2008-10-31T20:54:18.810Z,32.831,-97.028,5,2.9,mblg,4,167.6,,1.32,us,usp000gmhz,2015-03-24T02:19:54.995Z,northern Texas,earthquake,,,,,reviewed,us,us
2008-10-31T07:58:23.910Z,32.832,-97.012,5,2.9,mblg,4,167.9,,0.56,us,usp000gmgd,2015-03-24T02:22:19.035Z,northern Texas,earthquake,,,,,reviewed,us,us
2008-10-31T06:23:44.120Z,32.799,-97.045,5,2.6,mblg,4,168.2,,0.69,us,usp000gmg8,2014-11-07T01:37:34.584Z,northern Texas,earthquake,,,,,reviewed,us,us
2008-10-31T05:46:31.000Z,32.755,-97.017,5,2.5,mblg,4,169.9,,1.08,us,usp000gmg4,2014-11-07T01:37:34.579Z,northern Texas,earthquake,,,,,reviewed,us,us
2008-10-31T05:33:45.620Z,32.871,-96.971,5,2.6,mblg,4,167.6,,0.22,us,usp000gmg3,2014-11-07T01:37:34.577Z,northern Texas,earthquake,,,,,reviewed,us,us
2008-10-31T05:01:54.910Z,32.836,-97.029,5,3,mblg,5,163.6,,0.67,us,usp000gmg1,2015-03-24T01:44:09.173Z,northern Texas,earthquake,,,,,reviewed,us,us
2008-10-31T04:25:52.290Z,32.8,-97.016,5,2.6,mblg,4,168.7,,0.63,us,usp000gmg0,2015-03-24T02:10:28.507Z,northern Texas,earthquake,,,,,reviewed,us,us
2008-06-05T06:12:22.150Z,35.457,-97.569,5,2.5,md,8,121.1,,,us,usp000g8kv,2014-11-07T01:36:14.937Z,"Oklahoma City urban area, Oklahoma",earthquake,,,,,reviewed,tul,tul
2007-10-07T13:54:21.550Z,34.51,-100.146,5,3.1,mblg,6,140.5,,1.5,us,usp000fq28,2014-11-07T01:33:51.834Z,Texas Panhandle region,earthquake,,,,,reviewed,us,us
2007-02-13T00:15:48.890Z,35.459,-97.482,5,2.8,mblg,6,97.3,,1.23,us,usp000f4s6,2014-11-07T01:31:37.152Z,"Oklahoma City urban area, Oklahoma",earthquake,,,,,reviewed,us,us
2007-02-12T18:32:33.660Z,35.441,-97.459,5,2.8,mblg,5,132.9,,1.63,us,usp000f4rd,2014-11-07T01:31:37.070Z,"Oklahoma City urban area, Oklahoma",earthquake,,,,,reviewed,us,us
2006-12-21T06:14:06.710Z,35.464,-97.407,5,2.7,md,10,97.6,,,us,usp000f0pm,2014-11-07T01:31:10.335Z,"Oklahoma City urban area, Oklahoma",earthquake,,,,,reviewed,tul,tul
2006-12-21T02:41:14.650Z,35.464,-97.407,5,2.6,md,10,132.5,,,us,usp000f0pc,2014-11-07T01:31:10.319Z,"Oklahoma City urban area, Oklahoma",earthquake,,,,,reviewed,tul,tul
2006-11-02T11:12:20.360Z,34.153,-97.627,5,2.9,md,9,74.3,,,us,usp000ewfy,2014-11-07T01:30:44.004Z,Oklahoma,earthquake,,,,,reviewed,tul,tul
2006-10-06T22:13:16.780Z,34.122,-97.625,5,3.5,mblg,8,95.5,,1.51,us,usp000eumb,2017-06-26T21:07:07.128Z,Oklahoma,earthquake,,,,,reviewed,us,us
2006-08-16T13:12:39.120Z,34.508,-97.372,5,2.6,md,18,75.3,,,us,usp000er2d,2014-11-07T01:29:58.607Z,Oklahoma,earthquake,,,,,reviewed,tul,tul
2006-08-09T09:41:50.940Z,34.589,-97.368,5,2.9,md,11,120.7,,,us,usp000eqk4,2014-11-07T01:29:56.234Z,Oklahoma,earthquake,,,,,reviewed,tul,tul
2006-08-08T17:56:03.550Z,34.729,-97.49,5,2.2,md,7,132.5,,,us,usp000eqgx,2014-11-07T01:29:55.885Z,Oklahoma,earthquake,,,,,reviewed,tul,tul
2006-04-05T18:46:23.140Z,34.069,-97.314,5,3,mblg,15,150.4,,,us,usp000edrz,2017-06-26T21:07:19.239Z,Oklahoma,earthquake,,,,,reviewed,tul,tul
2005-05-19T01:02:43.580Z,34.32,-98.069,5,2.5,mblg,9,139.9,,,us,usp000dr4k,2014-11-07T01:25:55.814Z,Oklahoma,earthquake,,,,,reviewed,tul,tul
2005-05-16T22:29:46.840Z,35.25,-97.608,5,2.8,mblg,5,176.9,,0.45,us,usp000dqzp,2014-11-07T01:25:55.160Z,Oklahoma,earthquake,,,,,reviewed,us,tul
2004-11-22T23:42:13.450Z,34.864,-97.672,5,3,mblg,10,104.3,,,us,usp000d8zx,2014-11-07T01:24:04.311Z,Oklahoma,earthquake,,,,,reviewed,tul,tul
2004-09-10T06:39:21.000Z,35.369,-98.048,5,2.8,mblg,7,96,,0.49,us,usp000d412,2014-11-07T01:23:27.882Z,Oklahoma,earthquake,,,,,reviewed,us,us
2004-06-10T12:30:09.860Z,34.236,-97.267,5,2.9,mblg,13,127.3,,0.41,us,usp000cxkm,2014-11-07T01:22:35.891Z,Oklahoma,earthquake,,,,,reviewed,us,us
2004-06-08T00:15:09.990Z,34.233,-97.254,5,3.5,mblg,16,72.8,,1.06,us,usp000cxd7,2014-11-07T01:22:34.963Z,Oklahoma,earthquake,,,,,reviewed,us,us
2004-04-22T16:13:02.250Z,34.804,-97.677,5,2.9,mblg,10,110,,,us,usp000ct50,2014-11-07T01:22:04.349Z,Oklahoma,earthquake,,,,,reviewed,tul,tul
2003-12-11T16:35:09.000Z,35.12,-97.525,5,2.4,md,9,167.9,,,us,usp000cf1d,2014-11-07T01:20:44.372Z,Oklahoma,earthquake,,,,,reviewed,tul,tul
2003-12-08T19:18:08.030Z,35.12,-97.525,5,2.4,md,9,104.9,,,us,usp000ceuc,2014-11-07T01:20:43.274Z,Oklahoma,earthquake,,,,,reviewed,tul,tul
2003-04-07T10:02:12.510Z,33.892,-97.695,5,2.9,mblg,6,155.9,,1.08,us,usp000bumx,2014-11-07T01:18:18.495Z,central Texas,earthquake,,,,,reviewed,us,us
2002-05-31T09:57:10.020Z,34.025,-97.619,5,3.3,mblg,10,,,1.33,us,usp000b59p,2014-11-07T01:15:41.515Z,Oklahoma,earthquake,,,,,reviewed,us,us
2002-03-12T10:52:04.590Z,34.27,-97.63,5,2.2,mblg,9,,,,us,usp000b060,2014-11-07T01:15:07.837Z,Oklahoma,earthquake,,,,,reviewed,tul,tul
2002-02-08T16:07:13.600Z,34.727,-98.361,5,3.8,mblg,32,,,,us,usp000ay1d,2015-03-24T01:57:33.793Z,Oklahoma,earthquake,,,,,reviewed,tul,tul
2002-01-25T10:31:27.600Z,34,-97.53,5,2.6,mblg,10,,,,us,usp000ax4g,2014-11-07T01:14:45.170Z,Oklahoma,earthquake,,,,,reviewed,tul,tul
2000-10-08T10:16:23.780Z,35.393,-97.98,5,2.6,mblg,7,,,0.38,us,usp000a1f3,2014-11-07T01:11:15.259Z,Oklahoma,earthquake,,,,,reviewed,us,us
,,,min,1.6,,,,,,,,,,,,,,,,,
,,,max,4.4,,,,,,,,,,,,,,,,,
,,,Magnitude,Frequency,Cumilative Frequency,,,,,,,,,,,,,,,,
,,,1.5 - 1.8,4,4,,,,,,,,,,,,,,,,
,,,1.9 - 2.2,39,43,,,,,,,,,,,,,,,,
,,,2.3 - 2.6,128,171,,,,,,,,,,,,,,,,
,,,2.7 - 3.0,123,294,,,,,,,,,,,,,,,,
,,,3.1 - 3.4,40,334,,,,,,,,,,,,,,,,
,,,3.5 - 3.8,13,347,,,,,,,,,,,,,,,,
,,,3.9 - 4.2,0,347,,,,,,,,,,,,,,,,
,,,4.3 - 4.6,1,348,,,,,,,,,,,,,,,,
,,,,,,,,,,,,,,,,,,,,,