yearID,teamID,lgID,playerID,salary
2013,ARI,NL,bellhe01,10000000
2013,ARI,NL,bloomwi01,1900000
2013,ARI,NL,cahiltr01,5700000
2013,ARI,NL,chaveer01,3000000
2013,ARI,NL,hernada01,1375000
2013,ARI,NL,hillaa01,5500000
2013,ARI,NL,kenneia01,4265000
2013,ARI,NL,kubelja01,7500000
2013,ARI,NL,mccarbr01,5250000
2013,ARI,NL,montemi01,10000000
2013,ARI,NL,parrage01,2350000
2013,ARI,NL,pennicl01,1750000
2013,ARI,NL,pradoma01,7000000
2013,ARI,NL,putzjj01,6500000
2013,ARI,NL,rossco01,6000000
2013,ARI,NL,zieglbr01,3150000
2013,ATL,NL,heywaja01,3650000
2013,ATL,NL,hudsoti01,9000000
2013,ATL,NL,johnsch05,2287500
2013,ATL,NL,johnsre02,1600000
2013,ATL,NL,lairdge01,1500000
2013,ATL,NL,maholpa01,6500000
2013,ATL,NL,mccanbr01,12000000
2013,ATL,NL,medlekr01,2600000
2013,ATL,NL,oflaher01,4320000
2013,ATL,NL,ugglada01,13146942
2013,ATL,NL,uptonbj01,13050000
2013,ATL,NL,uptonju01,9958333
2013,BAL,AL,betemwi01,2000000
2013,BAL,AL,chenwe02,3655333
2013,BAL,AL,davisch02,3300000
2013,BAL,AL,hammeja01,6750000
2013,BAL,AL,hardyjj01,7416667
2013,BAL,AL,hunteto02,1820000
2013,BAL,AL,johnsji04,6500000
2013,BAL,AL,jonesad01,8833333
2013,BAL,AL,markani01,15350000
2013,BAL,AL,matusbr01,1600000
2013,BAL,AL,mclouna01,2000000
2013,BAL,AL,odayda01,2200000
2013,BAL,AL,roberbr01,10000000
2013,BAL,AL,wietema01,5500000
2013,BOS,AL,aceveal01,2650000
2013,BOS,AL,bailean01,4100000
2013,BOS,AL,bardda01,1862500
2013,BOS,AL,breslcr01,2325000
2013,BOS,AL,buchhcl01,5750000
2013,BOS,AL,dempsry01,13250000
2013,BOS,AL,drewst01,9500000
2013,BOS,AL,ellsbja01,9000000
2013,BOS,AL,gomesjo01,5000000
2013,BOS,AL,hanrajo01,7040000
2013,BOS,AL,iglesjo01,2062500
2013,BOS,AL,lackejo01,15950000
2013,BOS,AL,lestejo01,11625000
2013,BOS,AL,napolmi01,5000000
2013,BOS,AL,ortizda01,14500000
2013,BOS,AL,pedrodu01,10250000
2013,BOS,AL,rossda01,3100000
2013,BOS,AL,saltaja01,4500000
2013,BOS,AL,ueharko01,4250000
2013,BOS,AL,victosh01,13000000
2013,CHA,AL,beckhgo01,2925000
2013,CHA,AL,crainje01,4500000
2013,CHA,AL,danksjo01,15750000
2013,CHA,AL,deazaal01,2075000
2013,CHA,AL,dunnad01,15000000
2013,CHA,AL,floydga01,9500000
2013,CHA,AL,keppije01,3500000
2013,CHA,AL,konerpa01,12501506
2013,CHA,AL,lindsma01,2300000
2013,CHA,AL,peavyja01,16157271
2013,CHA,AL,ramiral03,7000000
2013,CHA,AL,riosal01,13000000
2013,CHA,AL,thornma01,5500000
2013,CHA,AL,vicieda01,2800000
2013,CHN,NL,bakersc02,5500000
2013,CHN,NL,castrst01,5857143
2013,CHN,NL,dejesda01,4250000
2013,CHN,NL,feldmsc01,6000000
2013,CHN,NL,fujikky01,4500000
2013,CHN,NL,garzama01,10250000
2013,CHN,NL,hairssc01,2500000
2013,CHN,NL,jacksed01,13000000
2013,CHN,NL,marmoca01,10133333
2013,CHN,NL,navardi01,1750000
2013,CHN,NL,samarje01,2640000
2013,CHN,NL,schiena01,2250000
2013,CHN,NL,soriaal01,19000000
2013,CHN,NL,villaca01,5000000
2013,CIN,NL,arroybr01,16445535
2013,CIN,NL,baileho02,5350000
2013,CIN,NL,broxtjo01,4000000
2013,CIN,NL,bruceja01,7541667
2013,CIN,NL,chapmar01,4835772
2013,CIN,NL,choosh01,7375000
2013,CIN,NL,cuetojo01,7400000
2013,CIN,NL,hanigry01,2350000
2013,CIN,NL,latosma01,4250000
2013,CIN,NL,leakemi01,3060000
2013,CIN,NL,ludwiry01,2000000
2013,CIN,NL,marshse01,4625000
2013,CIN,NL,phillbr01,10083333
2013,CIN,NL,vottojo01,18910655
2013,CLE,AL,alberma01,1750000
2013,CLE,AL,avilemi01,2250000
2013,CLE,AL,bournmi01,7000000
2013,CLE,AL,cabreas01,6500000
2013,CLE,AL,jimenub01,5750000
2013,CLE,AL,masteju01,5687500
2013,CLE,AL,myersbr01,7000000
2013,CLE,AL,perezch01,7300000
2013,CLE,AL,reynoma01,6000000
2013,CLE,AL,smithjo05,3150000
2013,CLE,AL,stubbdr01,2825000
2013,CLE,AL,swishni01,11000000
2013,COL,NL,belisma01,4100000
2013,COL,NL,betanra01,4250000
2013,COL,NL,chacijh01,1650000
2013,COL,NL,colvity01,2275000
2013,COL,NL,cuddymi01,10500000
2013,COL,NL,delarjo01,11000000
2013,COL,NL,fowlede01,3750000
2013,COL,NL,francje01,1500000
2013,COL,NL,gonzaca01,7928571
2013,COL,NL,heltoto01,6175000
2013,COL,NL,hernara02,3200000
2013,COL,NL,lopezwi01,1762500
2013,COL,NL,tulowtr01,10000000
2013,DET,AL,avilaal01,2950000
2013,DET,AL,benoijo01,5500000
2013,DET,AL,cabremi01,21000000
2013,DET,AL,doteloc01,3500000
2013,DET,AL,fieldpr01,23000000
2013,DET,AL,fistedo01,4000000
2013,DET,AL,hunteto01,12000000
2013,DET,AL,infanom01,4000000
2013,DET,AL,jacksau01,3500000
2013,DET,AL,martivi01,13000000
2013,DET,AL,peraljh01,6000000
2013,DET,AL,porceri01,5100000
2013,DET,AL,sanchan01,8800000
2013,DET,AL,santira01,2100000
2013,DET,AL,scherma01,6725000
2013,DET,AL,verlaju01,20100000
2013,HOU,AL,norribu01,3000000
2013,HOU,AL,penaca01,2900000
2013,HOU,AL,verasjo01,1850000
2013,KCA,AL,butlebi03,8500000
2013,KCA,AL,chenbr01,4500000
2013,KCA,AL,daviswa01,2800000
2013,KCA,AL,escobal02,3000000
2013,KCA,AL,francje02,6750000
2013,KCA,AL,gordoal01,9000000
2013,KCA,AL,guthrje01,5000000
2013,KCA,AL,hochelu01,4560000
2013,KCA,AL,santaer01,13000000
2013,KCA,AL,shielja02,11000000
2013,LAA,AL,aybarer01,8750000
2013,LAA,AL,blantjo01,6500000
2013,LAA,AL,burnese01,3625000
2013,LAA,AL,callaal01,4100000
2013,LAA,AL,downssc01,5000000
2013,LAA,AL,hamiljo03,17400000
2013,LAA,AL,hansoto01,3725000
2013,LAA,AL,iannech01,5050000
2013,LAA,AL,kendrho01,9100000
2013,LAA,AL,pujolal01,16000000
2013,LAA,AL,vargaja01,8500000
2013,LAA,AL,weaveje02,16200000
2013,LAA,AL,willije01,2000000
2013,LAA,AL,wilsocj01,11500000
2013,LAN,NL,beckejo02,17000000
2013,LAN,NL,belisro01,1450000
2013,LAN,NL,billich01,11000000
2013,LAN,NL,capuach01,6375000
2013,LAN,NL,crawfca02,20857143
2013,LAN,NL,ellisaj01,2000000
2013,LAN,NL,ellisma01,5250000
2013,LAN,NL,ethiean01,13500000
2013,LAN,NL,gonzaad01,21857143
2013,LAN,NL,greinza01,21000000
2013,LAN,NL,guerrma02,4711499
2013,LAN,NL,hairsje02,3750000
2013,LAN,NL,hernara02,6000000
2013,LAN,NL,howeljp01,2850000
2013,LAN,NL,kempma01,20250000
2013,LAN,NL,kershcl01,11750000
2013,LAN,NL,leagubr01,5500000
2013,LAN,NL,lillyte01,13166667
2013,LAN,NL,puigya01,2000000
2013,LAN,NL,puntoni01,1500000
2013,LAN,NL,ramirha01,15500000
2013,LAN,NL,ryuhy01,3333333
2013,LAN,NL,schumsk01,1500000
2013,LAN,NL,uribeju01,7295911
2013,MIA,NL,dobbsgr01,1600000
2013,MIA,NL,hechaad01,2750000
2013,MIA,NL,mathije01,1500000
2013,MIA,NL,nolasri01,11500000
2013,MIA,NL,pierrju01,1600000
2013,MIA,NL,polanpl01,2750000
2013,MIA,NL,turneja01,2150000
2013,MIL,NL,aokino01,1712500
2013,MIL,NL,axforjo01,5000000
2013,MIL,NL,badenbu01,1550000
2013,MIL,NL,braunry02,9898611
2013,MIL,NL,estrama01,1955000
2013,MIL,NL,gallayo01,8000000
2013,MIL,NL,gomezca01,4300000
2013,MIL,NL,gonzaal02,1450000
2013,MIL,NL,gonzami02,2250000
2013,MIL,NL,gorzeto01,2750000
2013,MIL,NL,lohseky01,10063922
2013,MIL,NL,ramirar01,10000000
2013,MIL,NL,weeksri01,11000000
2013,MIN,AL,burtoja01,2050000
2013,MIN,AL,carroja01,3750000
2013,MIN,AL,correke01,4500000
2013,MIN,AL,doumiry01,3500000
2013,MIN,AL,mauerjo01,23000000
2013,MIN,AL,morneju01,15000000
2013,MIN,AL,pelfrmi01,4000000
2013,MIN,AL,perkigl01,2500000
2013,MIN,AL,willijo03,7000000
2013,NYA,AL,boescbr01,1500000
2013,NYA,AL,canoro01,15000000
2013,NYA,AL,chambjo03,1875000
2013,NYA,AL,gardnbr01,2850000
2013,NYA,AL,grandcu01,15000000
2013,NYA,AL,hafnetr01,2000000
2013,NYA,AL,hugheph01,7150000
2013,NYA,AL,jeterde01,16729365
2013,NYA,AL,kurodhi01,15000000
2013,NYA,AL,loganbo02,3150000
2013,NYA,AL,pettian01,12000000
2013,NYA,AL,riverma01,10000000
2013,NYA,AL,roberda08,3100000
2013,NYA,AL,rodrial01,29000000
2013,NYA,AL,sabatcc01,24285714
2013,NYA,AL,suzukic01,6500000
2013,NYA,AL,teixema01,23125000
2013,NYA,AL,wellsve01,24642857
2013,NYA,AL,youklke01,12000000
2013,NYN,NL,buckjo01,6500000
2013,NYN,NL,davisik02,3125000
2013,NYN,NL,francfr01,6500000
2013,NYN,NL,marcush01,4000000
2013,NYN,NL,murphda08,2925000
2013,NYN,NL,niesejo01,3050000
2013,NYN,NL,parnebo01,1700000
2013,NYN,NL,wrighda03,10192071
2013,OAK,AL,anderbr04,5750000
2013,OAK,AL,balfogr01,4500000
2013,OAK,AL,cespeyo01,8500000
2013,OAK,AL,colonba01,3000000
2013,OAK,AL,crispco01,7000000
2013,OAK,AL,jasojo01,1800000
2013,OAK,AL,lowrije01,2400000
2013,OAK,AL,mossbr01,1600000
2013,OAK,AL,smithse01,3675000
2013,OAK,AL,youngch04,8700000
2013,PHI,NL,adamsmi03,5000000
2013,PHI,NL,bastaan01,1400000
2013,PHI,NL,hallaro01,20000000
2013,PHI,NL,hamelco01,20500000
2013,PHI,NL,howarry01,20000000
2013,PHI,NL,kendrky01,4500000
2013,PHI,NL,lannajo01,2500000
2013,PHI,NL,leecl02,25000000
2013,PHI,NL,papeljo01,13000000
2013,PHI,NL,rolliji01,11000000
2013,PHI,NL,ruizca01,5000000
2013,PHI,NL,utleych01,15285714
2013,PHI,NL,youngmi02,18374975
2013,PIT,NL,barmecl01,5500000
2013,PIT,NL,burneaj01,16500000
2013,PIT,NL,grillja01,2500000
2013,PIT,NL,jonesga02,4500000
2013,PIT,NL,martiru01,7500000
2013,PIT,NL,mccutan01,4708333
2013,PIT,NL,mcdonja03,3025000
2013,PIT,NL,mcdonjo03,1500000
2013,PIT,NL,mortoch02,2000000
2013,PIT,NL,rodriwa01,13500000
2013,PIT,NL,sanchga01,1750000
2013,PIT,NL,sanchjo01,1375000
2013,PIT,NL,walkene01,3300000
2013,SDN,NL,denorch01,2000000
2013,SDN,NL,gregelu01,3200000
2013,SDN,NL,headlch01,8575000
2013,SDN,NL,hundlni01,3000000
2013,SDN,NL,marquja01,3000000
2013,SDN,NL,maybica01,3100000
2013,SDN,NL,quentca01,9500000
2013,SDN,NL,richacl01,5240000
2013,SDN,NL,streehu01,7000000
2013,SDN,NL,venabwi01,2675000
2013,SDN,NL,volqued01,5725000
2013,SEA,AL,ackledu01,2700000
2013,SEA,AL,andinro01,1600000
2013,SEA,AL,gutiefr01,7312500
2013,SEA,AL,hernafe02,20557143
2013,SEA,AL,ibanera01,2750000
2013,SEA,AL,iwakuhi01,6500000
2013,SEA,AL,moralke01,5250000
2013,SEA,AL,morsemi01,7000000
2013,SEA,AL,perezol01,1500000
2013,SEA,AL,ryanbr01,3250000
2013,SEA,AL,saundjo01,6000000
2013,SEA,AL,shoppke01,1500000
2013,SFN,NL,affelje01,6000000
2013,SFN,NL,cainma01,20833333
2013,SFN,NL,garcija01,4166667
2013,SFN,NL,linceti01,22250000
2013,SFN,NL,lopezja02,4250000
2013,SFN,NL,mijarjo01,1800000
2013,SFN,NL,paganan01,8250000
2013,SFN,NL,pencehu01,13800000
2013,SFN,NL,poseybu01,8000000
2013,SFN,NL,romose01,3500000
2013,SFN,NL,sandopa01,5700000
2013,SFN,NL,scutama01,6666667
2013,SFN,NL,torrean02,1500000
2013,SFN,NL,vogelry01,5000000
2013,SFN,NL,zitoba01,20000000
2013,SLN,NL,beltrca01,13000000
2013,SLN,NL,boggsmi01,1475000
2013,SLN,NL,choatra01,1500000
2013,SLN,NL,craigal01,1750000
2013,SLN,NL,freesda01,3150000
2013,SLN,NL,garcija02,5875000
2013,SLN,NL,hollima01,16272110
2013,SLN,NL,molinya01,14200000
2013,SLN,NL,mujiced01,3200000
2013,SLN,NL,wainwad01,12000000
2013,SLN,NL,westbja01,8750000
2013,SLN,NL,wiggity01,2500000
2013,TBA,AL,carmofa01,3250000
2013,TBA,AL,escobyu01,5000000
2013,TBA,AL,johnske05,2450000
2013,TBA,AL,joycema01,2450000
2013,TBA,AL,loneyja01,2000000
2013,TBA,AL,longoev01,2500018
2013,TBA,AL,molinjo01,1500000
2013,TBA,AL,peraljo01,3000000
2013,TBA,AL,priceda01,9831954
2013,TBA,AL,roberry01,2950000
2013,TBA,AL,rodnefe01,2500000
2013,TBA,AL,scottlu01,2750000
2013,TBA,AL,zobribe01,5687300
2013,TEX,AL,andruel01,5050000
2013,TEX,AL,beltrad01,16000000
2013,TEX,AL,berkmla01,10000000
2013,TEX,AL,cruzne02,10250000
2013,TEX,AL,darviyu01,9500000
2013,TEX,AL,felizne01,2900000
2013,TEX,AL,frasoja01,1500000
2013,TEX,AL,harrima01,5200000
2013,TEX,AL,hollade01,3400000
2013,TEX,AL,kinslia01,13000000
2013,TEX,AL,martile01,3250000
2013,TEX,AL,murphda07,5775000
2013,TEX,AL,nathajo01,8000000
2013,TEX,AL,pierzaj01,7500000
2013,TEX,AL,soriajo01,2000000
2013,TEX,AL,sotoge01,2750000
2013,TOR,AL,bautijo02,14000000
2013,TOR,AL,bonifem01,2600000
2013,TOR,AL,buehrma01,12000000
2013,TOR,AL,cabreme01,8000000
2013,TOR,AL,davisra01,2500000
2013,TOR,AL,dickera01,5000000
2013,TOR,AL,encared01,8000000
2013,TOR,AL,happja01,3700000
2013,TOR,AL,izturma01,3000000
2013,TOR,AL,janssca01,3900000
2013,TOR,AL,johnsjo09,13750000
2013,TOR,AL,lindad01,5150000
2013,TOR,AL,morrobr01,8000000
2013,TOR,AL,oliveda02,3000000
2013,TOR,AL,rasmuco01,4675000
2013,TOR,AL,reyesjo01,10000000
2013,TOR,AL,romerri01,7500000
2013,TOR,AL,santose01,2750000
2013,WAS,NL,clippty01,4000000
2013,WAS,NL,desmoia01,3800000
2013,WAS,NL,detwiro01,2337500
2013,WAS,NL,gonzagi01,6350000
2013,WAS,NL,harenda01,13000000
2013,WAS,NL,harpebr03,2000000
2013,WAS,NL,larocad01,10000000
2013,WAS,NL,soriara01,11742091
2013,WAS,NL,spande01,4750000
2013,WAS,NL,storedr01,2500000
2013,WAS,NL,strasst01,3900000
2013,WAS,NL,suzukku01,6487500
2013,WAS,NL,werthja01,16571429
2013,WAS,NL,zimmejo02,5350000
2013,WAS,NL,zimmery01,14100000
2014,ARI,NL,arroybr01,9500000
2014,ARI,NL,cahiltr01,7700000
2014,ARI,NL,chaveer01,3500000
2014,ARI,NL,hillaa01,11000000
2014,ARI,NL,montemi01,10000000
2014,ARI,NL,parrage01,4850000
2014,ARI,NL,pennicl01,3250000
2014,ARI,NL,pradoma01,11000000
2014,ARI,NL,putzjj01,7000000
2014,ARI,NL,rossco01,9500000
2014,ARI,NL,thatcjo01,2375000
2014,ARI,NL,trumbma01,4800000
2014,ARI,NL,zieglbr01,4500000
2014,ATL,NL,doumiry01,3500000
2014,ATL,NL,floydga01,4000000
2014,ATL,NL,freemfr01,5125000
2014,ATL,NL,heywaja01,4500000
2014,ATL,NL,johnsch05,4750000
2014,ATL,NL,kimbrcr01,7000000
2014,ATL,NL,minormi01,3850000
2014,ATL,NL,santaer01,14100000
2014,ATL,NL,ugglada01,13000000
2014,ATL,NL,uptonbj01,13450000
2014,ATL,NL,uptonju01,14250000
2014,BAL,AL,chenwe02,4072000
2014,BAL,AL,cruzne02,8000000
2014,BAL,AL,davisch02,10350000
2014,BAL,AL,hardyjj01,7000000
2014,BAL,AL,hundlni01,4000000
2014,BAL,AL,hunteto02,3000000
2014,BAL,AL,jimenub01,11250000
2014,BAL,AL,jonesad01,13000000
2014,BAL,AL,markani01,15000000
2014,BAL,AL,matusbr01,2400000
2014,BAL,AL,norribu01,5300000
2014,BAL,AL,odayda01,3200000
2014,BAL,AL,webbry01,1750000
2014,BAL,AL,wietema01,7700000
2014,BOS,AL,badenbu01,2150000
2014,BOS,AL,breslcr01,3825000
2014,BOS,AL,buchhcl01,7700000
2014,BOS,AL,capuach01,2250000
2014,BOS,AL,carpmi01,1400000
2014,BOS,AL,craigal01,2750000
2014,BOS,AL,drewst01,10100000
2014,BOS,AL,gomesjo01,5000000
2014,BOS,AL,herrejo03,1300000
2014,BOS,AL,johnske05,3000000
2014,BOS,AL,lestejo01,13000000
2014,BOS,AL,millean01,1900000
2014,BOS,AL,mujiced01,4750000
2014,BOS,AL,napolmi01,16000000
2014,BOS,AL,ortizda01,15000000
2014,BOS,AL,pedrodu01,12500000
2014,BOS,AL,pierzaj01,8250000
2014,BOS,AL,rossda01,3100000
2014,BOS,AL,tazawju01,1275000
2014,BOS,AL,ueharko01,5000000
2014,BOS,AL,victosh01,13000000
2014,CHA,AL,abreujo02,7000000
2014,CHA,AL,beckhgo01,4175000
2014,CHA,AL,belisro01,3000000
2014,CHA,AL,danksjo01,14250000
2014,CHA,AL,deazaal01,4250000
2014,CHA,AL,downssc01,3750000
2014,CHA,AL,dunnad01,15000000
2014,CHA,AL,konerpa01,2500000
2014,CHA,AL,lindsma01,4000000
2014,CHA,AL,paulife01,1750000
2014,CHA,AL,ramiral03,9500000
2014,CHA,AL,salech01,3500000
2014,CHA,AL,vicieda01,2800000
2014,CHN,NL,barneda01,2300000
2014,CHN,NL,bonifem01,2500000
2014,CHN,NL,castrst01,5000000
2014,CHN,NL,fujikky01,4500000
2014,CHN,NL,hammeja01,6000000
2014,CHN,NL,jacksed01,11000000
2014,CHN,NL,ruggiju01,2000000
2014,CHN,NL,russeja02,1775000
2014,CHN,NL,schiena01,5000000
2014,CHN,NL,verasjo01,3850000
2014,CHN,NL,villaca01,5000000
2014,CHN,NL,woodtr01,3900000
2014,CIN,NL,baileho02,9000000
2014,CIN,NL,broxtjo01,7000000
2014,CIN,NL,bruceja01,10000000
2014,CIN,NL,chapmar01,5000000
2014,CIN,NL,cuetojo01,10000000
2014,CIN,NL,heisech01,1760000
2014,CIN,NL,latosma01,7250000
2014,CIN,NL,leakemi01,5925000
2014,CIN,NL,ludwiry01,8500000
2014,CIN,NL,marshse01,5500000
2014,CIN,NL,parrama01,2000000
2014,CIN,NL,phillbr01,11000000
2014,CIN,NL,schumsk01,2000000
2014,CIN,NL,vottojo01,12000000
2014,CLE,AL,avilemi01,3500000
2014,CLE,AL,axforjo01,4500000
2014,CLE,AL,bournmi01,13500000
2014,CLE,AL,brantmi02,1500000
2014,CLE,AL,cabreas01,10000000
2014,CLE,AL,kipnija01,2166666
2014,CLE,AL,masteju01,9762500
2014,CLE,AL,murphda07,5500000
2014,CLE,AL,raburry01,2250000
2014,CLE,AL,rzepcma01,1375000
2014,CLE,AL,santaca01,3500000
2014,CLE,AL,swishni01,15000000
2014,COL,NL,anderbr04,8000000
2014,COL,NL,belisma01,4250000
2014,COL,NL,chacijh01,4850000
2014,COL,NL,cuddymi01,10500000
2014,COL,NL,delarjo01,11000000
2014,COL,NL,gonzaca01,10500000
2014,COL,NL,hawkila01,2250000
2014,COL,NL,loganbo02,4750000
2014,COL,NL,lopezwi01,2200000
2014,COL,NL,morneju01,5000000
2014,COL,NL,nicasju01,2025000
2014,COL,NL,stubbdr01,4100000
2014,COL,NL,tulowtr01,16000000
2014,DET,AL,avilaal01,4150000
2014,DET,AL,cabremi01,22000000
2014,DET,AL,chambjo03,2500000
2014,DET,AL,cokeph01,1900000
2014,DET,AL,davisra01,5000000
2014,DET,AL,hunteto01,14000000
2014,DET,AL,kinslia01,16000000
2014,DET,AL,martivi01,12000000
2014,DET,AL,nathajo01,9000000
2014,DET,AL,porceri01,8500000
2014,DET,AL,sanchan01,15800000
2014,DET,AL,scherma01,15525000
2014,DET,AL,verlaju01,20000000
2014,HOU,AL,castrja01,2450000
2014,HOU,AL,feldmsc01,12000000
2014,HOU,AL,fowlede01,7350000
2014,HOU,AL,guzmaje01,1300000
2014,HOU,AL,quallch01,2700000
2014,HOU,AL,singljo02,1500000
2014,KCA,AL,aokino01,1950000
2014,KCA,AL,butlebi03,8000000
2014,KCA,AL,colliti01,1362500
2014,KCA,AL,crowaa01,1475000
2014,KCA,AL,daviswa01,4800000
2014,KCA,AL,escobal02,3000000
2014,KCA,AL,gordoal01,10000000
2014,KCA,AL,guthrje01,8000000
2014,KCA,AL,hollagr01,4675000
2014,KCA,AL,hosmeer01,3600000
2014,KCA,AL,infanom01,5000000
2014,KCA,AL,maxweju01,1325000
2014,KCA,AL,perezsa02,1500000
2014,KCA,AL,shielja02,13500000
2014,LAA,AL,aybarer01,8500000
2014,LAA,AL,freesda01,5050000
2014,LAA,AL,frierer01,3800000
2014,LAA,AL,hamiljo03,17000000
2014,LAA,AL,iannech01,4975000
2014,LAA,AL,ibanera01,2750000
2014,LAA,AL,jepseke01,1462500
2014,LAA,AL,kendrho01,9350000
2014,LAA,AL,pujolal01,23000000
2014,LAA,AL,smithjo05,5250000
2014,LAA,AL,weaveje02,16000000
2014,LAA,AL,wilsocj01,16000000
2014,LAN,NL,arrueer01,3000000
2014,LAN,NL,beckejo02,15750000
2014,LAN,NL,correke01,5500000
2014,LAN,NL,crawfca02,20250000
2014,LAN,NL,ellisaj01,3550000
2014,LAN,NL,ethiean01,15500000
2014,LAN,NL,gonzaad01,21000000
2014,LAN,NL,greinza01,26000000
2014,LAN,NL,guerral01,4000000
2014,LAN,NL,harenda01,10000000
2014,LAN,NL,howeljp01,4000000
2014,LAN,NL,janseke01,4300000
2014,LAN,NL,kempma01,21000000
2014,LAN,NL,kershcl01,4000000
2014,LAN,NL,leagubr01,7500000
2014,LAN,NL,perezch01,2300000
2014,LAN,NL,puigya01,3714000
2014,LAN,NL,ramirha01,16000000
2014,LAN,NL,ryuhy01,4333000
2014,LAN,NL,uribeju01,6500000
2014,LAN,NL,wilsobr01,10000000
2014,LAN,NL,wrighja01,1800000
2014,MIA,NL,cishest01,3800000
2014,MIA,NL,furcara01,3500000
2014,MIA,NL,hechaad01,2200000
2014,MIA,NL,jonesga02,2750000
2014,MIA,NL,saltaja01,6000000
2014,MIA,NL,stantmi03,6500000
2014,MIL,NL,braunry02,10000000
2014,MIL,NL,estrama01,3325000
2014,MIL,NL,gallayo01,11250000
2014,MIL,NL,garzama01,12500000
2014,MIL,NL,gomezca01,7000000
2014,MIL,NL,gorzeto01,2950000
2014,MIL,NL,lohseky01,11000000
2014,MIL,NL,lucrojo01,2000000
2014,MIL,NL,ramirar01,16000000
2014,MIL,NL,reynoma01,2000000
2014,MIL,NL,rodrifr03,3250000
2014,MIL,NL,weeksri01,11000000
2014,MIN,AL,burtoja01,3250000
2014,MIN,AL,duensbr01,2000000
2014,MIN,AL,hugheph01,8000000
2014,MIN,AL,kubelja01,2000000
2014,MIN,AL,mauerjo01,23000000
2014,MIN,AL,moralke01,7410000
2014,MIN,AL,nolasri01,12000000
2014,MIN,AL,perkigl01,4025000
2014,MIN,AL,plouftr01,2350000
2014,MIN,AL,suzukku01,2750000
2014,MIN,AL,willijo03,7000000
2014,NYA,AL,beltrca01,15000000
2014,NYA,AL,ellsbja01,21142857
2014,NYA,AL,gardnbr01,5600000
2014,NYA,AL,jeterde01,12000000
2014,NYA,AL,kellesh01,1765000
2014,NYA,AL,kurodhi01,16000000
2014,NYA,AL,mccanbr01,17000000
2014,NYA,AL,roberbr01,2000000
2014,NYA,AL,roberda08,5215000
2014,NYA,AL,ryanbr01,2000000
2014,NYA,AL,sabatcc01,23000000
2014,NYA,AL,soriaal01,18000000
2014,NYA,AL,suzukic01,6500000
2014,NYA,AL,tanakma01,22000000
2014,NYA,AL,teixema01,22500000
2014,NYA,AL,thornma01,3500000
2014,NYN,NL,colonba01,9000000
2014,NYN,NL,davisik02,3500000
2014,NYN,NL,geedi01,3625000
2014,NYN,NL,grandcu01,13000000
2014,NYN,NL,murphda08,5700000
2014,NYN,NL,niesejo01,5000000
2014,NYN,NL,parnebo01,3700000
2014,NYN,NL,wrighda03,20000000
2014,NYN,NL,youngch04,7250000
2014,NYN,NL,younger03,1850000
2014,OAK,AL,callaal01,4875000
2014,OAK,AL,cespeyo01,10500000
2014,OAK,AL,crispco01,7500000
2014,OAK,AL,gregelu01,5065000
2014,OAK,AL,jasojo01,2300000
2014,OAK,AL,johnsji04,10000000
2014,OAK,AL,kazmisc01,7000000
2014,OAK,AL,lowrije01,5250000
2014,OAK,AL,mossbr01,4100000
2014,OAK,AL,oflaher01,1500000
2014,OAK,AL,puntoni01,2750000
2014,OAK,AL,reddijo01,2700000
2014,PHI,NL,adamsmi03,7000000
2014,PHI,NL,bastaan01,2000000
2014,PHI,NL,burneaj01,15000000
2014,PHI,NL,byrdma01,8000000
2014,PHI,NL,carmofa01,4500000
2014,PHI,NL,gonzami05,3666667
2014,PHI,NL,hamelco01,22500000
2014,PHI,NL,howarry01,25000000
2014,PHI,NL,kendrky01,7675000
2014,PHI,NL,leecl02,25000000
2014,PHI,NL,papeljo01,13000000
2014,PHI,NL,reverbe01,1950000
2014,PHI,NL,rolliji01,11000000
2014,PHI,NL,ruizca01,8500000
2014,PHI,NL,utleych01,15000000
2014,PIT,NL,alvarpe01,4250000
2014,PIT,NL,barmecl01,2000000
2014,PIT,NL,grillja01,4250000
2014,PIT,NL,liriafr01,6000000
2014,PIT,NL,martiru01,8500000
2014,PIT,NL,mccutan01,7250000
2014,PIT,NL,melanma01,2595000
2014,PIT,NL,mortoch02,4000000
2014,PIT,NL,rodriwa01,13000000
2014,PIT,NL,sanchga01,2300000
2014,PIT,NL,tabatjo01,3000000
2014,PIT,NL,volqued01,5000000
2014,PIT,NL,walkene01,5750000
2014,SDN,NL,benoijo01,6000000
2014,SDN,NL,cabreev01,2450000
2014,SDN,NL,cashnan01,2400000
2014,SDN,NL,denorch01,2250000
2014,SDN,NL,headlch01,10525000
2014,SDN,NL,kenneia01,6100000
2014,SDN,NL,maybica01,5000000
2014,SDN,NL,quentca01,9500000
2014,SDN,NL,rossty01,1980000
2014,SDN,NL,smithse01,4500000
2014,SDN,NL,streehu01,7000000
2014,SDN,NL,stulter01,2750000
2014,SDN,NL,venabwi01,4250000
2014,SEA,AL,ackledu01,1700000
2014,SEA,AL,bloomwi01,2800000
2014,SEA,AL,canoro01,24000000
2014,SEA,AL,hartco01,6000000
2014,SEA,AL,hernafe02,22857000
2014,SEA,AL,iwakuhi01,6500000
2014,SEA,AL,jacksau01,6000000
2014,SEA,AL,morrilo01,1750000
2014,SEA,AL,rodnefe01,7000000
2014,SEA,AL,saundmi01,2300000
2014,SEA,AL,smoakju01,2637500
2014,SFN,NL,affelje01,6000000
2014,SFN,NL,beltbr01,2900000
2014,SFN,NL,blancgr01,2525000
2014,SFN,NL,bumgama01,3750000
2014,SFN,NL,cainma01,20000000
2014,SFN,NL,garcija01,4500000
2014,SFN,NL,hudsoti01,11000000
2014,SFN,NL,linceti01,17000000
2014,SFN,NL,lopezja02,4000000
2014,SFN,NL,morsemi01,6000000
2014,SFN,NL,paganan01,10250000
2014,SFN,NL,peavyja01,14500000
2014,SFN,NL,pencehu01,16000000
2014,SFN,NL,poseybu01,12500000
2014,SFN,NL,romose01,5500000
2014,SFN,NL,sandopa01,8250000
2014,SFN,NL,scutama01,6666667
2014,SFN,NL,vogelry01,5000000
2014,SLN,NL,choatra01,3000000
2014,SLN,NL,ellisma01,5250000
2014,SLN,NL,garcija02,7750000
2014,SLN,NL,hollima01,17000000
2014,SLN,NL,jayjo02,3250000
2014,SLN,NL,lackejo01,15250000
2014,SLN,NL,molinya01,15000000
2014,SLN,NL,motteja01,7500000
2014,SLN,NL,peraljh01,15500000
2014,SLN,NL,wainwad01,19500000
2014,TBA,AL,balfogr01,4000000
2014,TBA,AL,bellhe01,9000000
2014,TBA,AL,dejesda01,4250000
2014,TBA,AL,escobyu01,5000000
2014,TBA,AL,hanigry01,2750000
2014,TBA,AL,joycema01,3700000
2014,TBA,AL,longoev01,7500000
2014,TBA,AL,mcgeeja01,1450000
2014,TBA,AL,molinjo01,1750000
2014,TBA,AL,nunezle01,1500000
2014,TBA,AL,peraljo01,3000000
2014,TBA,AL,priceda01,14000000
2014,TBA,AL,rodrise01,1475000
2014,TBA,AL,zobribe01,7000000
2014,TEX,AL,andruel01,6475000
2014,TEX,AL,arencjp01,1800000
2014,TEX,AL,beltrad01,17000000
2014,TEX,AL,choosh01,14000000
2014,TEX,AL,cottsne01,2200000
2014,TEX,AL,darviyu01,10000000
2014,TEX,AL,felizne01,3000000
2014,TEX,AL,fieldpr01,24000000
2014,TEX,AL,frasoja01,1750000
2014,TEX,AL,martile01,3750000
2014,TEX,AL,morelmi01,2650000
2014,TEX,AL,ogandal01,2625000
2014,TEX,AL,riosal01,12500000
2014,TEX,AL,sotoge01,3050000
2014,TEX,AL,willije01,2100000
2014,TOR,AL,bautijo02,14000000
2014,TOR,AL,cabreme01,8000000
2014,TOR,AL,cecilbr01,1300000
2014,TOR,AL,dickera01,12000000
2014,TOR,AL,encared01,9000000
2014,TOR,AL,happja01,5200000
2014,TOR,AL,izturma01,3000000
2014,TOR,AL,janssca01,4000000
2014,TOR,AL,lindad01,7000000
2014,TOR,AL,mcgowdu01,1500000
2014,TOR,AL,morrobr01,8000000
2014,TOR,AL,navardi01,3000000
2014,TOR,AL,rasmuco01,7000000
2014,TOR,AL,reyesjo01,16000000
2014,TOR,AL,rogeres01,1850000
2014,TOR,AL,santose01,3750000
2014,WAS,NL,clippty01,5875000
2014,WAS,NL,desmoia01,6500000
2014,WAS,NL,detwiro01,3000000
2014,WAS,NL,fistedo01,7200000
2014,WAS,NL,gonzagi01,8500000
2014,WAS,NL,hairssc01,2500000
2014,WAS,NL,harpebr03,2150000
2014,WAS,NL,larocad01,12000000
2014,WAS,NL,mclouna01,5000000
2014,WAS,NL,ramoswi01,2095000
2014,WAS,NL,rendoan01,1800000
2014,WAS,NL,soriara01,11000000
2014,WAS,NL,spande01,6500000
2014,WAS,NL,storedr01,3450000
2014,WAS,NL,strasst01,3975000
2014,WAS,NL,werthja01,20000000
2014,WAS,NL,zimmejo02,7500000
2014,WAS,NL,zimmery01,14000000
2015,ARI,NL,goldspa01,3100000
2015,ARI,NL,hellije01,4275000
2015,ARI,NL,hernada01,2000000
2015,ARI,NL,hillaa01,12000000
2015,ARI,NL,pennicl01,3275000
2015,ARI,NL,perezol01,2500000
2015,ARI,NL,reedad01,4875000
2015,ARI,NL,tomasya01,5500000
2015,ARI,NL,trumbma01,6900000
2015,ARI,NL,zieglbr01,5000000
2015,ATL,NL,cahiltr01,12000000
2015,ATL,NL,callaal01,3000000
2015,ATL,NL,freemfr01,8500000
2015,ATL,NL,gomesjo01,4000000
2015,ATL,NL,grillja01,4250000
2015,ATL,NL,johnsch05,6000000
2015,ATL,NL,markani01,11000000
2015,ATL,NL,maybica01,7000000
2015,ATL,NL,pierzaj01,2000000
2015,ATL,NL,simmoan01,3000000
2015,BAL,AL,brittza01,3200000
2015,BAL,AL,cabreev01,2400000
2015,BAL,AL,chenwe02,4750000
2015,BAL,AL,davisch02,12000000
2015,BAL,AL,deazaal01,5000000
2015,BAL,AL,gonzami03,3275000
2015,BAL,AL,hardyjj01,11500000
2015,BAL,AL,hunteto02,4650000
2015,BAL,AL,jimenub01,12250000
2015,BAL,AL,jonesad01,13333333
2015,BAL,AL,matusbr01,3200000
2015,BAL,AL,norribu01,8800000
2015,BAL,AL,odayda01,4250000
2015,BAL,AL,pearcst01,3700000
2015,BAL,AL,snidetr01,2100000
2015,BAL,AL,tillmch01,4315000
2015,BAL,AL,wietema01,8300000
2015,BAL,AL,youngde03,2250000
2015,BOS,AL,breslcr01,2000000
2015,BOS,AL,buchhcl01,12000000
2015,BOS,AL,castiru01,11271000
2015,BOS,AL,craigal01,5500000
2015,BOS,AL,hanigry01,3500000
2015,BOS,AL,masteju01,9500000
2015,BOS,AL,mileywa01,3666000
2015,BOS,AL,mujiced01,4750000
2015,BOS,AL,napolmi01,16000000
2015,BOS,AL,ortizda01,16000000
2015,BOS,AL,pedrodu01,12500000
2015,BOS,AL,porceri01,12500000
2015,BOS,AL,ramirha01,19750000
2015,BOS,AL,sandopa01,17600000
2015,BOS,AL,tazawju01,2250000
2015,BOS,AL,ueharko01,9000000
2015,BOS,AL,victosh01,13000000
2015,CHA,AL,abreujo02,8666000
2015,CHA,AL,beckhgo01,2000000
2015,CHA,AL,bonifem01,3000000
2015,CHA,AL,cabreme01,13000000
2015,CHA,AL,danksjo01,15750000
2015,CHA,AL,dukeza01,4500000
2015,CHA,AL,flowety01,2675000
2015,CHA,AL,larocad01,12000000
2015,CHA,AL,quintjo01,3400000
2015,CHA,AL,ramiral03,10000000
2015,CHA,AL,roberda08,10000000
2015,CHA,AL,salech01,6000000
2015,CHA,AL,samarje01,9800000
2015,CHN,NL,arrieja01,3630000
2015,CHN,NL,castiwe01,2100000
2015,CHN,NL,castrst01,6857143
2015,CHN,NL,coghlch01,2505000
2015,CHN,NL,cokeph01,2250000
2015,CHN,NL,denorch01,2600000
2015,CHN,NL,fowlede01,9500000
2015,CHN,NL,hammeja01,9000000
2015,CHN,NL,jacksed01,13000000
2015,CHN,NL,lestejo01,20000000
2015,CHN,NL,montemi01,12000000
2015,CHN,NL,motteja01,4500000
2015,CHN,NL,rizzoan01,5000000
2015,CHN,NL,rossda01,2500000
2015,CHN,NL,solerjo01,2666667
2015,CHN,NL,stroppe01,2525000
2015,CHN,NL,wadats01,4000000
2015,CHN,NL,woodtr01,5686000
2015,CIN,NL,baileho02,10000000
2015,CIN,NL,bruceja01,12000000
2015,CIN,NL,byrdma01,8000000
2015,CIN,NL,chapmar01,8050000
2015,CIN,NL,cozarza01,2350000
2015,CIN,NL,cuetojo01,10000000
2015,CIN,NL,frazito01,4500000
2015,CIN,NL,leakemi01,9775000
2015,CIN,NL,mesorde01,2525000
2015,CIN,NL,parrama01,3500000
2015,CIN,NL,phillbr01,12000000
2015,CIN,NL,schumsk01,2500000
2015,CIN,NL,vottojo01,14000000
2015,CLE,AL,avilemi01,3500000
2015,CLE,AL,bournmi01,13500000
2015,CLE,AL,brantmi02,5875000
2015,CLE,AL,carraca01,2337500
2015,CLE,AL,chiselo01,2250000
2015,CLE,AL,floydga01,4000000
2015,CLE,AL,kipnija01,4166666
2015,CLE,AL,mossbr01,6500000
2015,CLE,AL,murphda07,6000000
2015,CLE,AL,raburry01,2500000
2015,CLE,AL,rzepcma01,2400000
2015,CLE,AL,santaca01,6000000
2015,CLE,AL,swishni01,15000000
2015,COL,NL,axforjo01,2600000
2015,COL,NL,delarjo01,12500000
2015,COL,NL,gonzaca01,16000000
2015,COL,NL,hawkila01,2250000
2015,COL,NL,hundlni01,3100000
2015,COL,NL,kendrky01,5500000
2015,COL,NL,loganbo02,5500000
2015,COL,NL,lylesjo01,2475000
2015,COL,NL,morneju01,6750000
2015,COL,NL,rosarwi01,2800000
2015,COL,NL,stubbdr01,5825000
2015,COL,NL,tulowtr01,20000000
2015,DET,AL,avilaal01,5400000
2015,DET,AL,cabremi01,22000000
2015,DET,AL,cespeyo01,10500000
2015,DET,AL,davisra01,5000000
2015,DET,AL,kinslia01,16000000
2015,DET,AL,martijd02,3000000
2015,DET,AL,martivi01,14000000
2015,DET,AL,nathajo01,10000000
2015,DET,AL,priceda01,19750000
2015,DET,AL,sanchan01,16800000
2015,DET,AL,simonal01,5550000
2015,DET,AL,soriajo01,7000000
2015,DET,AL,verlaju01,28000000
2015,HOU,AL,altuvjo01,2500000
2015,HOU,AL,carmofa01,2650000
2015,HOU,AL,cartech02,4175000
2015,HOU,AL,castrja01,4000000
2015,HOU,AL,feldmsc01,10000000
2015,HOU,AL,gregelu01,6000000
2015,HOU,AL,lowrije01,8000000
2015,HOU,AL,neshepa01,5500000
2015,HOU,AL,quallch01,3000000
2015,HOU,AL,rasmuco01,8000000
2015,HOU,AL,singljo02,2000000
2015,HOU,AL,sippto01,2400000
2015,HOU,AL,valbulu01,4200000
2015,KCA,AL,cainlo01,2725000
2015,KCA,AL,daviswa01,7000000
2015,KCA,AL,duffyda01,2425000
2015,KCA,AL,escobal02,3000000
2015,KCA,AL,gordoal01,12500000
2015,KCA,AL,guthrje01,9000000
2015,KCA,AL,hochelu01,4000000
2015,KCA,AL,hollagr01,8250000
2015,KCA,AL,hosmeer01,5650000
2015,KCA,AL,infanom01,7500000
2015,KCA,AL,medlekr01,2000000
2015,KCA,AL,moralke01,6500000
2015,KCA,AL,moustmi01,2640000
2015,KCA,AL,riosal01,11000000
2015,KCA,AL,vargaja01,8500000
2015,KCA,AL,volqued01,7500000
2015,LAA,AL,aybarer01,8500000
2015,LAA,AL,freesda01,6425000
2015,LAA,AL,iannech01,5525000
2015,LAA,AL,joycema01,4750000
2015,LAA,AL,pujolal01,24000000
2015,LAA,AL,richaga01,3200000
2015,LAA,AL,santihe01,2290000
2015,LAA,AL,smithjo05,5250000
2015,LAA,AL,streehu01,7000000
2015,LAA,AL,troutmi01,6083000
2015,LAA,AL,weaveje02,18000000
2015,LAA,AL,wilsocj01,18000000
2015,LAN,NL,anderbr04,10000000
2015,LAN,NL,barneda01,2525000
2015,LAN,NL,beachbr01,2750000
2015,LAN,NL,crawfca02,21357000
2015,LAN,NL,ellisaj01,4250000
2015,LAN,NL,ethiean01,18000000
2015,LAN,NL,gonzaad01,21857000
2015,LAN,NL,greinza01,25000000
2015,LAN,NL,guerral01,6500000
2015,LAN,NL,heisech01,2160000
2015,LAN,NL,howeljp01,4000000
2015,LAN,NL,janseke01,7425000
2015,LAN,NL,kendrho01,9500000
2015,LAN,NL,kershcl01,32571000
2015,LAN,NL,mccarbr01,12500000
2015,LAN,NL,nicasju01,2300000
2015,LAN,NL,peraljo01,2500000
2015,LAN,NL,puigya01,6214000
2015,LAN,NL,rolliji01,11000000
2015,LAN,NL,turneju01,2500000
2015,LAN,NL,uribeju01,6500000
2015,MIA,NL,alvarhe01,4000000
2015,MIA,NL,bakerje03,2100000
2015,MIA,NL,cishest01,6650000
2015,MIA,NL,dunnmi01,2350000
2015,MIA,NL,gordode01,2500000
2015,MIA,NL,harenda01,10000000
2015,MIA,NL,latosma01,9400000
2015,MIA,NL,pradoma01,11000000
2015,MIA,NL,stantmi03,6500000
2015,MIA,NL,suzukic01,2000000
2015,MIL,NL,braunry02,13000000
2015,MIL,NL,broxtjo01,9000000
2015,MIL,NL,cottsne01,3000000
2015,MIL,NL,garzama01,12500000
2015,MIL,NL,gomezca01,8000000
2015,MIL,NL,lindad01,7500000
2015,MIL,NL,lohseky01,11000000
2015,MIL,NL,lucrojo01,3000000
2015,MIL,NL,parrage01,6237500
2015,MIL,NL,ramirar01,14000000
2015,MIL,NL,rodrifr03,3500000
2015,MIN,AL,doziebr01,2000000
2015,MIN,AL,duensbr01,2700000
2015,MIN,AL,hugheph01,9200000
2015,MIN,AL,hunteto01,10500000
2015,MIN,AL,mauerjo01,23000000
2015,MIN,AL,milonto01,2775000
2015,MIN,AL,nolasri01,12000000
2015,MIN,AL,pelfrmi01,5500000
2015,MIN,AL,perkigl01,4650000
2015,MIN,AL,plouftr01,4800000
2015,MIN,AL,santaer01,13500000
2015,MIN,AL,staufti01,2200000
2015,MIN,AL,suzukku01,6000000
2015,NYA,AL,beltrca01,15000000
2015,NYA,AL,capuach01,5000000
2015,NYA,AL,drewst01,5000000
2015,NYA,AL,ellsbja01,21142857
2015,NYA,AL,eovalna01,3300000
2015,NYA,AL,gardnbr01,12500000
2015,NYA,AL,headlch01,13000000
2015,NYA,AL,jonesga02,5000000
2015,NYA,AL,mccanbr01,17000000
2015,NYA,AL,millean01,9000000
2015,NYA,AL,novaiv01,3300000
2015,NYA,AL,pinedmi01,2100000
2015,NYA,AL,rodrial01,22000000
2015,NYA,AL,sabatcc01,23000000
2015,NYA,AL,tanakma01,22000000
2015,NYA,AL,teixema01,23125000
2015,NYA,AL,youngch04,2500000
2015,NYN,NL,colonba01,11000000
2015,NYN,NL,cuddymi01,8500000
2015,NYN,NL,dudalu01,4200000
2015,NYN,NL,geedi01,5300000
2015,NYN,NL,grandcu01,16000000
2015,NYN,NL,mejiaje01,2595000
2015,NYN,NL,murphda08,8000000
2015,NYN,NL,niesejo01,7000000
2015,NYN,NL,parnebo01,3700000
2015,NYN,NL,wrighda03,20000000
2015,OAK,AL,butlebi03,6666000
2015,OAK,AL,chaveje01,2150000
2015,OAK,AL,clippty01,8300001
2015,OAK,AL,crispco01,11000000
2015,OAK,AL,davisik02,3800000
2015,OAK,AL,kazmisc01,13000000
2015,OAK,AL,oflaher01,5500000
2015,OAK,AL,reddijo01,4100000
2015,OAK,AL,zobribe01,7500000
2015,PHI,NL,browndo01,2600000
2015,PHI,NL,hamelco01,23500000
2015,PHI,NL,haranaa01,5000000
2015,PHI,NL,howarry01,25000000
2015,PHI,NL,papeljo01,13000000
2015,PHI,NL,reverbe01,4100000
2015,PHI,NL,ruizca01,8500000
2015,PHI,NL,sizemgr01,2000000
2015,PHI,NL,utleych01,15000000
2015,PHI,NL,willije01,2500000
2015,PIT,NL,alvarpe01,5750000
2015,PIT,NL,bastaan01,3100000
2015,PIT,NL,burneaj01,8500000
2015,PIT,NL,harrijo05,3050000
2015,PIT,NL,hartco01,2500000
2015,PIT,NL,kangju01,2500000
2015,PIT,NL,liriafr01,11666666
2015,PIT,NL,mccutan01,10000000
2015,PIT,NL,melanma01,5400000
2015,PIT,NL,mortoch02,8000000
2015,PIT,NL,tabatjo01,4000000
2015,PIT,NL,walkene01,8000000
2015,PIT,NL,worleva01,2450000
2015,SDN,NL,benoijo01,8000000
2015,SDN,NL,cashnan01,4050000
2015,SDN,NL,gyorkje01,2000000
2015,SDN,NL,kellesh01,2835000
2015,SDN,NL,kempma01,21250000
2015,SDN,NL,kenneia01,9850000
2015,SDN,NL,kimbrcr01,9000000
2015,SDN,NL,morrobr01,2500000
2015,SDN,NL,rossty01,5250000
2015,SDN,NL,shielja02,10000000
2015,SDN,NL,uptonbj01,14450000
2015,SDN,NL,uptonju01,14500000
2015,SDN,NL,venabwi01,4250000
2015,SEA,AL,ackledu01,2600000
2015,SEA,AL,bloomwi01,3000000
2015,SEA,AL,canoro01,24000000
2015,SEA,AL,cruzne02,14250000
2015,SEA,AL,happja01,6700000
2015,SEA,AL,hernafe02,24857000
2015,SEA,AL,iwakuhi01,7000000
2015,SEA,AL,jacksau01,7700000
2015,SEA,AL,morrilo01,2725000
2015,SEA,AL,rodnefe01,7000000
2015,SEA,AL,ruggiju01,2505000
2015,SEA,AL,seageky01,4500000
2015,SEA,AL,smithse01,6000000
2015,SFN,NL,affelje01,6000000
2015,SFN,NL,aokino01,4000000
2015,SFN,NL,beltbr01,3600000
2015,SFN,NL,blancgr01,3600000
2015,SFN,NL,bumgama01,6750000
2015,SFN,NL,cainma01,21000000
2015,SFN,NL,crawfbr01,3175000
2015,SFN,NL,garcija01,5000000
2015,SFN,NL,hudsoti01,12000000
2015,SFN,NL,linceti01,18000000
2015,SFN,NL,lopezja02,4000000
2015,SFN,NL,mcgehca01,4800000
2015,SFN,NL,paganan01,10250000
2015,SFN,NL,peavyja01,9000000
2015,SFN,NL,pencehu01,18500000
2015,SFN,NL,petityu01,2100000
2015,SFN,NL,poseybu01,16500000
2015,SFN,NL,romose01,6000000
2015,SFN,NL,vogelry01,4000000
2015,SLN,NL,belisma01,3500000
2015,SLN,NL,carpema01,3750000
2015,SLN,NL,choatra01,3000000
2015,SLN,NL,garcija02,9250000
2015,SLN,NL,heywaja01,7800000
2015,SLN,NL,hollima01,17000000
2015,SLN,NL,jayjo02,4125000
2015,SLN,NL,lynnla01,7000000
2015,SLN,NL,molinya01,15000000
2015,SLN,NL,peraljh01,15000000
2015,SLN,NL,reynoma01,2000000
2015,SLN,NL,wainwad01,19500000
2015,SLN,NL,waldejo01,2675000
2015,TBA,AL,cabreas01,7500000
2015,TBA,AL,dejesda01,5000000
2015,TBA,AL,jasojo01,3175000
2015,TBA,AL,jennide01,3100000
2015,TBA,AL,jepseke01,3025000
2015,TBA,AL,loneyja01,8666666
2015,TBA,AL,longoev01,11000000
2015,TBA,AL,mcgeeja01,3550000
2015,TBA,AL,moorema02,3000000
2015,TBA,AL,smylydr01,2650000
2015,TEX,AL,andruel01,15000000
2015,TEX,AL,beltrad01,16000000
2015,TEX,AL,choosh01,14000000
2015,TEX,AL,detwiro01,3450000
2015,TEX,AL,felizne01,4125000
2015,TEX,AL,fieldpr01,24000000
2015,TEX,AL,gallayo01,14000000
2015,TEX,AL,hamiljo03,22708749
2015,TEX,AL,hollade01,7400000
2015,TEX,AL,lewisco01,4000000
2015,TEX,AL,martile01,4750000
2015,TEX,AL,morelmi01,2950000
2015,TOR,AL,bautijo02,14000000
2015,TOR,AL,buehrma01,20000000
2015,TOR,AL,cecilbr01,2475000
2015,TOR,AL,dickera01,12000000
2015,TOR,AL,donaljo02,4300000
2015,TOR,AL,encared01,10000000
2015,TOR,AL,estrama01,3900000
2015,TOR,AL,martiru01,7000000
2015,TOR,AL,navardi01,5000000
2015,TOR,AL,reyesjo01,22000000
2015,TOR,AL,saundmi01,2875000
2015,WAS,NL,desmoia01,11000000
2015,WAS,NL,escobyu01,5000000
2015,WAS,NL,fistedo01,11400000
2015,WAS,NL,gonzagi01,11000000
2015,WAS,NL,harpebr03,2500000
2015,WAS,NL,janssca01,3500000
2015,WAS,NL,ramoswi01,3550000
2015,WAS,NL,rendoan01,2500000
2015,WAS,NL,scherma01,17142000
2015,WAS,NL,spande01,9000000
2015,WAS,NL,stammcr01,2250000
2015,WAS,NL,storedr01,5700000
2015,WAS,NL,strasst01,7400000
2015,WAS,NL,thornma01,3500000
2015,WAS,NL,werthja01,21000000
2015,WAS,NL,zimmejo02,16500000
2015,WAS,NL,zimmery01,14000000
2016,ARI,NL,castiwe01,3700000
2016,ARI,NL,clippty01,6100000
2016,ARI,NL,corbipa01,2525000
2016,ARI,NL,delarru01,2350000
2016,ARI,NL,goldspa01,5833333
2016,ARI,NL,greinza01,31799030
2016,ARI,NL,hudsoda01,2700000
2016,ARI,NL,millesh01,4350000
2016,ARI,NL,polloaj01,3500000
2016,ARI,NL,segurje01,2600000
2016,ARI,NL,tomasya01,7500000
2016,ARI,NL,weeksri01,1500000
2016,ARI,NL,zieglbr01,5500000
2016,ATL,NL,aybarer01,8500000
2016,ATL,NL,flowety01,2000000
2016,ATL,NL,freemfr01,12359375
2016,ATL,NL,grillja01,3625000
2016,ATL,NL,johnsji04,2500000
2016,ATL,NL,johnske05,2000000
2016,ATL,NL,markani01,11000000
2016,ATL,NL,norribu01,2500000
2016,ATL,NL,oflaher01,1750000
2016,ATL,NL,ogandal01,2000000
2016,ATL,NL,olivehe01,4000000
2016,ATL,NL,pierzaj01,3000000
2016,ATL,NL,teherju01,3466666
2016,BAL,AL,alvarpe01,5731704
2016,BAL,AL,brittza01,6750000
2016,BAL,AL,davisch02,21268890
2016,BAL,AL,gallayo01,8728776
2016,BAL,AL,hardyjj01,12209424
2016,BAL,AL,jimenub01,12673102
2016,BAL,AL,jonesad01,16329674
2016,BAL,AL,kimhy01,2800000
2016,BAL,AL,machama01,5000000
2016,BAL,AL,matusbr01,3900000
2016,BAL,AL,mileywa01,16329674
2016,BAL,AL,odayda01,5854712
2016,BAL,AL,tillmch01,6225000
2016,BAL,AL,trumbma01,9150000
2016,BAL,AL,wietema01,15800000
2016,BAL,AL,worleva01,2600000
2016,BOS,AL,buchhcl01,13000000
2016,BOS,AL,castiru01,11400000
2016,BOS,AL,hanigry01,3700000
2016,BOS,AL,kellyjo05,2600000
2016,BOS,AL,kimbrcr01,11000000
2016,BOS,AL,ortizda01,16000000
2016,BOS,AL,pedrodu01,12642511
2016,BOS,AL,porceri01,20125000
2016,BOS,AL,priceda01,30000000
2016,BOS,AL,ramirha01,22750000
2016,BOS,AL,sandopa01,17600000
2016,BOS,AL,tazawju01,3375000
2016,BOS,AL,ueharko01,9000000
2016,BOS,AL,youngch04,6500000
2016,CHA,AL,abreujo02,11666667
2016,CHA,AL,avilaal01,2500000
2016,CHA,AL,cabreme01,14000000
2016,CHA,AL,danksjo01,15750000
2016,CHA,AL,dukeza01,5000000
2016,CHA,AL,eatonad02,2750000
2016,CHA,AL,frazito01,8250000
2016,CHA,AL,jacksau01,5000000
2016,CHA,AL,lamboan01,3000000
2016,CHA,AL,lawribr01,4125000
2016,CHA,AL,navardi01,4000000
2016,CHA,AL,quintjo01,5400000
2016,CHA,AL,roberda08,11000000
2016,CHA,AL,salech01,9150000
2016,CHN,NL,arrieja01,10700000
2016,CHN,NL,cahiltr01,4250000
2016,CHN,NL,fowlede01,8000000
2016,CHN,NL,hammeja01,9000000
2016,CHN,NL,heywaja01,19555288
2016,CHN,NL,lackejo01,16000000
2016,CHN,NL,lestejo01,25000000
2016,CHN,NL,montemi01,14000000
2016,CHN,NL,richacl01,2000000
2016,CHN,NL,rizzoan01,5285714
2016,CHN,NL,rondohe01,4200000
2016,CHN,NL,rossda01,2500000
2016,CHN,NL,solerjo01,3666666
2016,CHN,NL,stroppe01,4400000
2016,CHN,NL,warread01,1700000
2016,CHN,NL,woodtr01,6170000
2016,CHN,NL,zobribe01,10500000
2016,CIN,NL,baileho02,18000000
2016,CIN,NL,bruceja01,12541666
2016,CIN,NL,cozarza01,2925000
2016,CIN,NL,iglesra01,3214285
2016,CIN,NL,mesorde01,5025000
2016,CIN,NL,phillbr01,13083333
2016,CIN,NL,simonal01,2000000
2016,CIN,NL,vottojo01,20000000
2016,CLE,AL,allenco01,4150000
2016,CLE,AL,brantmi02,7375000
2016,CLE,AL,carraca01,4500000
2016,CLE,AL,chiselo01,2725000
2016,CLE,AL,davisra01,5250000
2016,CLE,AL,gomesya01,2583333
2016,CLE,AL,kipnija01,6166667
2016,CLE,AL,klubeco01,4700000
2016,CLE,AL,napolmi01,7000000
2016,CLE,AL,santaca01,8450000
2016,CLE,AL,shawbr01,2750000
2016,CLE,AL,tomlijo01,2250000
2016,CLE,AL,uribeju01,4000000
2016,COL,NL,arenano01,5000000
2016,COL,NL,blackch02,3500000
2016,COL,NL,delarjo01,12500000
2016,COL,NL,descada01,2100000
2016,COL,NL,gonzaca01,17428571
2016,COL,NL,hundlni01,3150000
2016,COL,NL,lemahdj01,3000000
2016,COL,NL,loganbo02,6250000
2016,COL,NL,lylesjo01,2975000
2016,COL,NL,mcgeeja01,4800000
2016,COL,NL,motteja01,5000000
2016,COL,NL,parrage01,8000000
2016,COL,NL,quallch01,2250000
2016,COL,NL,reyesjo01,22000000
2016,COL,NL,reynoma01,2600000
2016,DET,AL,cabremi01,28000000
2016,DET,AL,kinslia01,14000000
2016,DET,AL,lowema01,5500000
2016,DET,AL,martijd02,6750000
2016,DET,AL,martivi01,18000000
2016,DET,AL,maybica01,8000000
2016,DET,AL,pelfrmi01,8000000
2016,DET,AL,rodrifr03,7383481
2016,DET,AL,sanchan01,16800000
2016,DET,AL,uptonju01,22125000
2016,DET,AL,verlaju01,28000000
2016,DET,AL,zimmejo02,18000000
2016,HOU,AL,altuvjo01,3687500
2016,HOU,AL,castrja01,5000000
2016,HOU,AL,feldmsc01,8000000
2016,HOU,AL,fistedo01,7000000
2016,HOU,AL,gattiev01,3300000
2016,HOU,AL,gomezca01,9000000
2016,HOU,AL,gregelu01,6750000
2016,HOU,AL,keuchda01,7250000
2016,HOU,AL,neshepa01,6500000
2016,HOU,AL,rasmuco01,15800000
2016,HOU,AL,sippto01,6000000
2016,HOU,AL,valbulu01,6125000
2016,KCA,AL,cainlo01,6500000
2016,KCA,AL,daviswa01,8000000
2016,KCA,AL,duffyda01,4225000
2016,KCA,AL,escobal02,5250000
2016,KCA,AL,gordoal01,12000000
2016,KCA,AL,herreke01,2550000
2016,KCA,AL,hochelu01,5500000
2016,KCA,AL,hosmeer01,8250000
2016,KCA,AL,infanom01,7750000
2016,KCA,AL,kenneia01,7500000
2016,KCA,AL,medlekr01,5500000
2016,KCA,AL,moralke01,9000000
2016,KCA,AL,moustmi01,5600000
2016,KCA,AL,soriajo01,7000000
2016,KCA,AL,vargaja01,8500000
2016,KCA,AL,volqued01,9500000
2016,KCA,AL,youngch03,4250000
2016,LAA,AL,calhoko01,3400000
2016,LAA,AL,escobyu01,7000000
2016,LAA,AL,pujolal01,25000000
2016,LAA,AL,richaga01,6425000
2016,LAA,AL,salasfe01,2400000
2016,LAA,AL,santihe01,5000000
2016,LAA,AL,simmoan01,6000000
2016,LAA,AL,smithjo05,5250000
2016,LAA,AL,sotoge01,2800000
2016,LAA,AL,streehu01,8000000
2016,LAA,AL,troutmi01,16083333
2016,LAA,AL,weaveje02,20200000
2016,LAA,AL,wilsocj01,20500000
2016,LAN,NL,anderbr04,15800000
2016,LAN,NL,blantjo01,4000000
2016,LAN,NL,crawfca02,20750000
2016,LAN,NL,ellisaj01,4500000
2016,LAN,NL,ethiean01,18000000
2016,LAN,NL,gonzaad01,21000000
2016,LAN,NL,grandya01,2800000
2016,LAN,NL,guerral01,7500000
2016,LAN,NL,howeljp01,6250000
2016,LAN,NL,janseke01,10650000
2016,LAN,NL,kazmisc01,14985384
2016,LAN,NL,kendrho01,9540378
2016,LAN,NL,kershcl01,33000000
2016,LAN,NL,maedake01,3125000
2016,LAN,NL,mccarbr01,12500000
2016,LAN,NL,puigya01,7214285
2016,LAN,NL,ryuhy01,7833333
2016,LAN,NL,turneju01,5100000
2016,LAN,NL,utleych01,7000000
2016,MIA,NL,chenwe02,12500000
2016,MIA,NL,dunnmi01,3450000
2016,MIA,NL,fernajo02,2800000
2016,MIA,NL,gordode01,3242202
2016,MIA,NL,hechaad01,2625000
2016,MIA,NL,johnsch05,8007500
2016,MIA,NL,koehlto01,3500000
2016,MIA,NL,phelpda01,2500000
2016,MIA,NL,pradoma01,11000000
2016,MIA,NL,ramosaj01,3400000
2016,MIA,NL,stantmi03,9000000
2016,MIA,NL,suzukic01,2000000
2016,MIL,NL,braunry02,19315013
2016,MIL,NL,cartech02,2500000
2016,MIL,NL,garzama01,12209424
2016,MIL,NL,hillaa01,12000000
2016,MIL,NL,lucrojo01,4100000
2016,MIL,NL,peralwi01,2800000
2016,MIN,AL,doziebr01,3000000
2016,MIN,AL,escobed01,2150000
2016,MIN,AL,fienca01,2275000
2016,MIN,AL,hugheph01,9200000
2016,MIN,AL,jepseke01,5312000
2016,MIN,AL,mauerjo01,23000000
2016,MIN,AL,milonto01,4500000
2016,MIN,AL,nolasri01,12000000
2016,MIN,AL,perkigl01,6300000
2016,MIN,AL,plouftr01,7250000
2016,MIN,AL,santaer01,13500000
2016,MIN,AL,suzukku01,6000000
2016,NYA,AL,ackledu01,3200000
2016,NYA,AL,beltrca01,15000000
2016,NYA,AL,castrst01,7857142
2016,NYA,AL,chapmar01,9468443
2016,NYA,AL,ellsbja01,21142857
2016,NYA,AL,eovalna01,5600000
2016,NYA,AL,gardnbr01,13500000
2016,NYA,AL,gregodi01,2425000
2016,NYA,AL,headlch01,13000000
2016,NYA,AL,mccanbr01,17000000
2016,NYA,AL,millean01,9000000
2016,NYA,AL,novaiv01,4100000
2016,NYA,AL,pinedmi01,4300000
2016,NYA,AL,rodrial01,21000000
2016,NYA,AL,sabatcc01,25000000
2016,NYA,AL,tanakma01,22000000
2016,NYA,AL,teixema01,23125000
2016,NYN,NL,bastaan01,5375000
2016,NYN,NL,blevije01,4000000
2016,NYN,NL,cabreas01,8250000
2016,NYN,NL,cespeyo01,27328046
2016,NYN,NL,colonba01,7250000
2016,NYN,NL,deazaal01,5750000
2016,NYN,NL,dudalu01,6725000
2016,NYN,NL,familje01,4100000
2016,NYN,NL,grandcu01,16000000
2016,NYN,NL,harvema01,4325000
2016,NYN,NL,lagarju01,2500000
2016,NYN,NL,reedad01,5300000
2016,NYN,NL,walkene01,10550000
2016,NYN,NL,wrighda03,19364801
2016,OAK,AL,alonsyo01,2650000
2016,OAK,AL,alvarhe01,4250000
2016,OAK,AL,axforjo01,4500000
2016,OAK,AL,butlebi03,11666667
2016,OAK,AL,coghlch01,4800000
2016,OAK,AL,crispco01,11000000
2016,OAK,AL,hillri01,6000000
2016,OAK,AL,lowrije01,7500000
2016,OAK,AL,madsory01,6666667
2016,OAK,AL,reddijo01,6575000
2016,OAK,AL,rzepcma01,2950000
2016,OAK,AL,valenda01,3150000
2016,PHI,NL,bourjpe01,2000000
2016,PHI,NL,galvifr01,2000000
2016,PHI,NL,harrima01,13000000
2016,PHI,NL,hellije01,7000000
2016,PHI,NL,hernada01,3900000
2016,PHI,NL,mortoch02,8000000
2016,PHI,NL,ruizca01,8500000
2016,PIT,NL,cervefr01,3500000
2016,PIT,NL,felizne01,3900000
2016,PIT,NL,freesda01,3000000
2016,PIT,NL,harrijo05,5250000
2016,PIT,NL,hugheja02,2175000
2016,PIT,NL,jasojo01,4000000
2016,PIT,NL,kangju01,2500000
2016,PIT,NL,liriafr01,13666667
2016,PIT,NL,lockeje01,3025000
2016,PIT,NL,martest01,3333333
2016,PIT,NL,mccutan01,13208333
2016,PIT,NL,melanma01,9650000
2016,PIT,NL,mercejo03,2075000
2016,PIT,NL,morsemi01,8000000
2016,PIT,NL,nicasju01,3000000
2016,PIT,NL,niesejo01,9000000
2016,PIT,NL,rodrise01,2500000
2016,PIT,NL,vogelry01,2000000
2016,PIT,NL,watsoto01,3450000
2016,SDN,NL,cashnan01,7150000
2016,SDN,NL,jayjo02,6225000
2016,SDN,NL,kempma01,21500000
2016,SDN,NL,norride01,2925000
2016,SDN,NL,ramiral03,3000000
2016,SDN,NL,rodnefe01,1600000
2016,SDN,NL,rossty01,9625000
2016,SDN,NL,shielja02,21000000
2016,SDN,NL,thornma01,1600000
2016,SDN,NL,uptonbj01,15450000
2016,SEA,AL,aokino01,5500000
2016,SEA,AL,benoijo01,7500000
2016,SEA,AL,canoro01,24000000
2016,SEA,AL,cishest01,4000000
2016,SEA,AL,cruzne02,14250000
2016,SEA,AL,hernafe02,25857143
2016,SEA,AL,iannech01,4250000
2016,SEA,AL,iwakuhi01,10976096
2016,SEA,AL,lindad01,8000000
2016,SEA,AL,martile01,4150000
2016,SEA,AL,seageky01,8000000
2016,SEA,AL,smithse01,6750000
2016,SFN,NL,beltbr01,6200000
2016,SFN,NL,blancgr01,3900000
2016,SFN,NL,bumgama01,9916667
2016,SFN,NL,cainma01,20833333
2016,SFN,NL,crawfbr01,6000000
2016,SFN,NL,cuetojo01,17500000
2016,SFN,NL,garcija01,6500000
2016,SFN,NL,lopezja02,5000000
2016,SFN,NL,paganan01,11250000
2016,SFN,NL,peavyja01,15000000
2016,SFN,NL,pencehu01,18700000
2016,SFN,NL,poseybu01,20777778
2016,SFN,NL,romose01,9000000
2016,SFN,NL,samarje01,10800000
2016,SFN,NL,spande01,5000000
2016,SLN,NL,adamsma01,1650000
2016,SLN,NL,broxtjo01,3750000
2016,SLN,NL,carpema01,6500000
2016,SLN,NL,garcija02,11500000
2016,SLN,NL,gyorkje01,4000000
2016,SLN,NL,hollima01,17000000
2016,SLN,NL,leakemi01,12000000
2016,SLN,NL,lynnla01,7500000
2016,SLN,NL,molinya01,14200000
2016,SLN,NL,mossbr01,8250000
2016,SLN,NL,ohse01,2500000
2016,SLN,NL,penabr01,2500000
2016,SLN,NL,peraljh01,12500000
2016,SLN,NL,rosentr01,5600000
2016,SLN,NL,wainwad01,19500000
2016,SLN,NL,waldejo01,3675000
2016,TBA,AL,archech01,2916667
2016,TBA,AL,cobbal01,4000000
2016,TBA,AL,forsylo01,2250000
2016,TBA,AL,jennide01,3300000
2016,TBA,AL,longoev01,12600018
2016,TBA,AL,moorema02,5100000
2016,TBA,AL,morrilo01,4200000
2016,TBA,AL,pearcst01,4750000
2016,TBA,AL,ramirer02,2375000
2016,TBA,AL,smylydr01,3750000
2016,TEX,AL,andruel01,15333333
2016,TEX,AL,beltrad01,18000000
2016,TEX,AL,choosh01,20000000
2016,TEX,AL,darviyu01,10000000
2016,TEX,AL,desmoia01,8000000
2016,TEX,AL,fieldpr01,24000000
2016,TEX,AL,hamelco01,22500000
2016,TEX,AL,hamiljo03,24000000
2016,TEX,AL,lewisco01,6000000
2016,TEX,AL,morelmi01,5700000
2016,TEX,AL,perezma02,3150000
2016,TEX,AL,tollesh01,3275000
2016,TEX,AL,wilheto01,3100000
2016,TOR,AL,bautijo02,14000000
2016,TOR,AL,cecilbr01,3800000
2016,TOR,AL,chaveje01,4000000
2016,TOR,AL,dickera01,12000000
2016,TOR,AL,donaljo02,11650000
2016,TOR,AL,encared01,10000000
2016,TOR,AL,estrama01,11500000
2016,TOR,AL,happja01,10000000
2016,TOR,AL,martiru01,15000000
2016,TOR,AL,saundmi01,2900000
2016,TOR,AL,smoakju01,3900000
2016,TOR,AL,storedr01,8375000
2016,TOR,AL,tulowtr01,20000000
2016,WAS,NL,drewst01,3000000
2016,WAS,NL,espinda01,2875000
2016,WAS,NL,gonzagi01,12100000
2016,WAS,NL,harpebr03,5000000
2016,WAS,NL,kellesh01,4000000
2016,WAS,NL,murphda08,8000000
2016,WAS,NL,papeljo01,10936574
2016,WAS,NL,perezol01,3000000
2016,WAS,NL,petityu01,2500000
2016,WAS,NL,ramoswi01,5350000
2016,WAS,NL,rendoan01,2800000
2016,WAS,NL,reverbe01,6250000
2016,WAS,NL,scherma01,22142857
2016,WAS,NL,strasst01,10400000
2016,WAS,NL,werthja01,21733615
2016,WAS,NL,zimmery01,14000000
